geo,year,age,sex,indicator,value_n,file
AT,2023,Y15-64,T,INACTPT_CARERESP_ONPOP,8.0952978797,lfse_inactpt_lackcare
BA,2023,Y15-64,T,INACTPT_CARERESP_ONPOP,0.3435170757,lfse_inactpt_lackcare
BE,2023,Y15-64,T,INACTPT_CARERESP_ONPOP,3.2598757887,lfse_inactpt_lackcare
BG,2023,Y15-64,T,INACTPT_CARERESP_ONPOP,0.253169468,lfse_inactpt_lackcare
CY,2023,Y15-64,T,INACTPT_CARERESP_ONPOP,1.020161698,lfse_inactpt_lackcare
CZ,2023,Y15-64,T,INACTPT_CARERESP_ONPOP,1.0966543074,lfse_inactpt_lackcare
DE,2023,Y15-64,T,INACTPT_CARERESP_ONPOP,6.2067231713,lfse_inactpt_lackcare
DK,2023,Y15-64,T,INACTPT_CARERESP_ONPOP,0.3519616423,lfse_inactpt_lackcare
EE,2023,Y15-64,T,INACTPT_CARERESP_ONPOP,1.6378330767,lfse_inactpt_lackcare
EL,2023,Y15-64,T,INACTPT_CARERESP_ONPOP,0.9086412013,lfse_inactpt_lackcare
ES,2023,Y15-64,T,INACTPT_CARERESP_ONPOP,1.73583862,lfse_inactpt_lackcare
EU27_2020,2023,Y15-64,T,INACTPT_CARERESP_ONPOP,3.0756296415,lfse_inactpt_lackcare
EUR20,2023,Y15-64,T,INACTPT_CARERESP_ONPOP,3.7405704968,lfse_inactpt_lackcare
FI,2023,Y15-64,T,INACTPT_CARERESP_ONPOP,1.1502022899,lfse_inactpt_lackcare
FR,2023,Y15-64,T,INACTPT_CARERESP_ONPOP,3.0125790106,lfse_inactpt_lackcare
HR,2023,Y15-64,T,INACTPT_CARERESP_ONPOP,0.6245389451,lfse_inactpt_lackcare
HU,2023,Y15-64,T,INACTPT_CARERESP_ONPOP,0.5583361919,lfse_inactpt_lackcare
IE,2023,Y15-64,T,INACTPT_CARERESP_ONPOP,3.8775105044,lfse_inactpt_lackcare
IS,2023,Y15-64,T,INACTPT_CARERESP_ONPOP,0.6507087826,lfse_inactpt_lackcare
IT,2023,Y15-64,T,INACTPT_CARERESP_ONPOP,2.0602146243,lfse_inactpt_lackcare
LT,2023,Y15-64,T,INACTPT_CARERESP_ONPOP,0.3331951039,lfse_inactpt_lackcare
LU,2023,Y15-64,T,INACTPT_CARERESP_ONPOP,3.6374849559,lfse_inactpt_lackcare
LV,2023,Y15-64,T,INACTPT_CARERESP_ONPOP,0.4241198281,lfse_inactpt_lackcare
MT,2023,Y15-64,T,INACTPT_CARERESP_ONPOP,1.4706315601,lfse_inactpt_lackcare
NL,2023,Y15-64,T,INACTPT_CARERESP_ONPOP,11.38561072,lfse_inactpt_lackcare
NO,2023,Y15-64,T,INACTPT_CARERESP_ONPOP,0.8371387346,lfse_inactpt_lackcare
PL,2023,Y15-64,T,INACTPT_CARERESP_ONPOP,0.8773979629,lfse_inactpt_lackcare
PT,2023,Y15-64,T,INACTPT_CARERESP_ONPOP,0.5322077875,lfse_inactpt_lackcare
RO,2023,Y15-64,T,INACTPT_CARERESP_ONPOP,0.1509450379,lfse_inactpt_lackcare
SE,2023,Y15-64,T,INACTPT_CARERESP_ONPOP,1.46622215,lfse_inactpt_lackcare
SI,2023,Y15-64,T,INACTPT_CARERESP_ONPOP,1.0173276398,lfse_inactpt_lackcare
SK,2023,Y15-64,T,INACTPT_CARERESP_ONPOP,0.5578254418,lfse_inactpt_lackcare
AT,2022,Y15-64,T,INACTPT_CARERESP_ONPOP,8.0478200803,lfse_inactpt_lackcare
BA,2022,Y15-64,T,INACTPT_CARERESP_ONPOP,0.349098561,lfse_inactpt_lackcare
BE,2022,Y15-64,T,INACTPT_CARERESP_ONPOP,3.3575440932,lfse_inactpt_lackcare
BG,2022,Y15-64,T,INACTPT_CARERESP_ONPOP,0.2867527269,lfse_inactpt_lackcare
CH,2022,Y15-64,T,INACTPT_CARERESP_ONPOP,9.9227219448,lfse_inactpt_lackcare
CY,2022,Y15-64,T,INACTPT_CARERESP_ONPOP,1.2909292564,lfse_inactpt_lackcare
CZ,2022,Y15-64,T,INACTPT_CARERESP_ONPOP,0.8737583594,lfse_inactpt_lackcare
DE,2022,Y15-64,T,INACTPT_CARERESP_ONPOP,6.1534175482,lfse_inactpt_lackcare
DK,2022,Y15-64,T,INACTPT_CARERESP_ONPOP,0.4332684982,lfse_inactpt_lackcare
EE,2022,Y15-64,T,INACTPT_CARERESP_ONPOP,1.7246250985,lfse_inactpt_lackcare
EL,2022,Y15-64,T,INACTPT_CARERESP_ONPOP,0.820621279,lfse_inactpt_lackcare
ES,2022,Y15-64,T,INACTPT_CARERESP_ONPOP,1.8088752147,lfse_inactpt_lackcare
EU27_2020,2022,Y15-64,T,INACTPT_CARERESP_ONPOP,3.011475482,lfse_inactpt_lackcare
EUR20,2022,Y15-64,T,INACTPT_CARERESP_ONPOP,3.6716694023,lfse_inactpt_lackcare
FI,2022,Y15-64,T,INACTPT_CARERESP_ONPOP,1.0913409634,lfse_inactpt_lackcare
FR,2022,Y15-64,T,INACTPT_CARERESP_ONPOP,2.7767090439,lfse_inactpt_lackcare
HR,2022,Y15-64,T,INACTPT_CARERESP_ONPOP,0.6229912918,lfse_inactpt_lackcare
HU,2022,Y15-64,T,INACTPT_CARERESP_ONPOP,0.603232969,lfse_inactpt_lackcare
IE,2022,Y15-64,T,INACTPT_CARERESP_ONPOP,3.3138499987,lfse_inactpt_lackcare
IS,2022,Y15-64,T,INACTPT_CARERESP_ONPOP,0.8395328612,lfse_inactpt_lackcare
IT,2022,Y15-64,T,INACTPT_CARERESP_ONPOP,2.1195970365,lfse_inactpt_lackcare
LT,2022,Y15-64,T,INACTPT_CARERESP_ONPOP,0.3037953033,lfse_inactpt_lackcare
LU,2022,Y15-64,T,INACTPT_CARERESP_ONPOP,3.6578025686,lfse_inactpt_lackcare
LV,2022,Y15-64,T,INACTPT_CARERESP_ONPOP,0.6187886176,lfse_inactpt_lackcare
MT,2022,Y15-64,T,INACTPT_CARERESP_ONPOP,0.9562585365,lfse_inactpt_lackcare
NL,2022,Y15-64,T,INACTPT_CARERESP_ONPOP,11.021272669,lfse_inactpt_lackcare
NO,2022,Y15-64,T,INACTPT_CARERESP_ONPOP,1.0625483494,lfse_inactpt_lackcare
PL,2022,Y15-64,T,INACTPT_CARERESP_ONPOP,0.8023787428,lfse_inactpt_lackcare
PT,2022,Y15-64,T,INACTPT_CARERESP_ONPOP,0.5994217417,lfse_inactpt_lackcare
RO,2022,Y15-64,T,INACTPT_CARERESP_ONPOP,0.1911893497,lfse_inactpt_lackcare
RS,2022,Y15-64,T,INACTPT_CARERESP_ONPOP,0.5086839948,lfse_inactpt_lackcare
SE,2022,Y15-64,T,INACTPT_CARERESP_ONPOP,1.5958519747,lfse_inactpt_lackcare
SI,2022,Y15-64,T,INACTPT_CARERESP_ONPOP,1.0156608255,lfse_inactpt_lackcare
SK,2022,Y15-64,T,INACTPT_CARERESP_ONPOP,0.454380139,lfse_inactpt_lackcare
TR,2022,Y15-64,T,INACTPT_CARERESP_ONPOP,1.2546576544,lfse_inactpt_lackcare
AT,2021,Y15-64,T,INACTPT_CARERESP_ONPOP,7.4833852668,lfse_inactpt_lackcare
BA,2021,Y15-64,T,INACTPT_CARERESP_ONPOP,0.3269846293,lfse_inactpt_lackcare
BE,2021,Y15-64,T,INACTPT_CARERESP_ONPOP,3.414414032,lfse_inactpt_lackcare
BG,2021,Y15-64,T,INACTPT_CARERESP_ONPOP,0.1958741195,lfse_inactpt_lackcare
CH,2021,Y15-64,T,INACTPT_CARERESP_ONPOP,8.4106360155,lfse_inactpt_lackcare
CY,2021,Y15-64,T,INACTPT_CARERESP_ONPOP,1.2932142886,lfse_inactpt_lackcare
CZ,2021,Y15-64,T,INACTPT_CARERESP_ONPOP,1.1540258439,lfse_inactpt_lackcare
DE,2021,Y15-64,T,INACTPT_CARERESP_ONPOP,6.171717857,lfse_inactpt_lackcare
DK,2021,Y15-64,T,INACTPT_CARERESP_ONPOP,0.4124989581,lfse_inactpt_lackcare
EE,2021,Y15-64,T,INACTPT_CARERESP_ONPOP,1.5553197625,lfse_inactpt_lackcare
EL,2021,Y15-64,T,INACTPT_CARERESP_ONPOP,1.004728833,lfse_inactpt_lackcare
ES,2021,Y15-64,T,INACTPT_CARERESP_ONPOP,1.6029206887,lfse_inactpt_lackcare
EU27_2020,2021,Y15-64,T,INACTPT_CARERESP_ONPOP,2.9995437308,lfse_inactpt_lackcare
EUR20,2021,Y15-64,T,INACTPT_CARERESP_ONPOP,3.6271968808,lfse_inactpt_lackcare
FI,2021,Y15-64,T,INACTPT_CARERESP_ONPOP,1.1168529039,lfse_inactpt_lackcare
FR,2021,Y15-64,T,INACTPT_CARERESP_ONPOP,2.7361415238,lfse_inactpt_lackcare
HR,2021,Y15-64,T,INACTPT_CARERESP_ONPOP,0.5472251518,lfse_inactpt_lackcare
HU,2021,Y15-64,T,INACTPT_CARERESP_ONPOP,0.6818269557,lfse_inactpt_lackcare
IE,2021,Y15-64,T,INACTPT_CARERESP_ONPOP,4.1581307877,lfse_inactpt_lackcare
IT,2021,Y15-64,T,INACTPT_CARERESP_ONPOP,2.0741453974,lfse_inactpt_lackcare
LT,2021,Y15-64,T,INACTPT_CARERESP_ONPOP,0.2920170514,lfse_inactpt_lackcare
LU,2021,Y15-64,T,INACTPT_CARERESP_ONPOP,3.8012581383,lfse_inactpt_lackcare
LV,2021,Y15-64,T,INACTPT_CARERESP_ONPOP,0.5865060763,lfse_inactpt_lackcare
MT,2021,Y15-64,T,INACTPT_CARERESP_ONPOP,1.8305475742,lfse_inactpt_lackcare
NL,2021,Y15-64,T,INACTPT_CARERESP_ONPOP,10.951767068,lfse_inactpt_lackcare
NO,2021,Y15-64,T,INACTPT_CARERESP_ONPOP,1.1471447135,lfse_inactpt_lackcare
PL,2021,Y15-64,T,INACTPT_CARERESP_ONPOP,1.0126766665,lfse_inactpt_lackcare
PT,2021,Y15-64,T,INACTPT_CARERESP_ONPOP,0.6300476069,lfse_inactpt_lackcare
RO,2021,Y15-64,T,INACTPT_CARERESP_ONPOP,0.2879790916,lfse_inactpt_lackcare
RS,2021,Y15-64,T,INACTPT_CARERESP_ONPOP,0.6117726897,lfse_inactpt_lackcare
SE,2021,Y15-64,T,INACTPT_CARERESP_ONPOP,1.7314232873,lfse_inactpt_lackcare
SI,2021,Y15-64,T,INACTPT_CARERESP_ONPOP,0.9674848302,lfse_inactpt_lackcare
SK,2021,Y15-64,T,INACTPT_CARERESP_ONPOP,0.5920648694,lfse_inactpt_lackcare
TR,2021,Y15-64,T,INACTPT_CARERESP_ONPOP,1.3171792774,lfse_inactpt_lackcare
AT,2020,Y15-64,T,INACTPT_CARERESP_ONPOP,6.9039874584,lfse_inactpt_lackcare
BE,2020,Y15-64,T,INACTPT_CARERESP_ONPOP,3.317469074,lfse_inactpt_lackcare
BG,2020,Y15-64,T,INACTPT_CARERESP_ONPOP,0.1811660459,lfse_inactpt_lackcare
CH,2020,Y15-64,T,INACTPT_CARERESP_ONPOP,6.3108383107,lfse_inactpt_lackcare
CY,2020,Y15-64,T,INACTPT_CARERESP_ONPOP,0.9346713822,lfse_inactpt_lackcare
CZ,2020,Y15-64,T,INACTPT_CARERESP_ONPOP,1.2492433987,lfse_inactpt_lackcare
DK,2020,Y15-64,T,INACTPT_CARERESP_ONPOP,0.4756063026,lfse_inactpt_lackcare
EE,2020,Y15-64,T,INACTPT_CARERESP_ONPOP,1.910521939,lfse_inactpt_lackcare
EL,2020,Y15-64,T,INACTPT_CARERESP_ONPOP,0.6885718949,lfse_inactpt_lackcare
ES,2020,Y15-64,T,INACTPT_CARERESP_ONPOP,1.4542535054,lfse_inactpt_lackcare
EU27_2020,2020,Y15-64,T,INACTPT_CARERESP_ONPOP,3.1036427894,lfse_inactpt_lackcare
EUR20,2020,Y15-64,T,INACTPT_CARERESP_ONPOP,3.655809891,lfse_inactpt_lackcare
FI,2020,Y15-64,T,INACTPT_CARERESP_ONPOP,0.8935577201,lfse_inactpt_lackcare
FR,2020,Y15-64,T,INACTPT_CARERESP_ONPOP,2.6940689451,lfse_inactpt_lackcare
HR,2020,Y15-64,T,INACTPT_CARERESP_ONPOP,0.6137623865,lfse_inactpt_lackcare
HU,2020,Y15-64,T,INACTPT_CARERESP_ONPOP,1.2290564866,lfse_inactpt_lackcare
IE,2020,Y15-64,T,INACTPT_CARERESP_ONPOP,4.028420526,lfse_inactpt_lackcare
IS,2020,Y15-64,T,INACTPT_CARERESP_ONPOP,1.2513210278,lfse_inactpt_lackcare
IT,2020,Y15-64,T,INACTPT_CARERESP_ONPOP,2.2473043383,lfse_inactpt_lackcare
LT,2020,Y15-64,T,INACTPT_CARERESP_ONPOP,0.1435733384,lfse_inactpt_lackcare
LU,2020,Y15-64,T,INACTPT_CARERESP_ONPOP,3.6632066995,lfse_inactpt_lackcare
LV,2020,Y15-64,T,INACTPT_CARERESP_ONPOP,1.0280667635,lfse_inactpt_lackcare
ME,2020,Y15-64,T,INACTPT_CARERESP_ONPOP,0.2723720725,lfse_inactpt_lackcare
MK,2020,Y15-64,T,INACTPT_CARERESP_ONPOP,0.8398636838,lfse_inactpt_lackcare
MT,2020,Y15-64,T,INACTPT_CARERESP_ONPOP,1.5429107338,lfse_inactpt_lackcare
NL,2020,Y15-64,T,INACTPT_CARERESP_ONPOP,9.7829776409,lfse_inactpt_lackcare
NO,2020,Y15-64,T,INACTPT_CARERESP_ONPOP,1.0539565659,lfse_inactpt_lackcare
PL,2020,Y15-64,T,INACTPT_CARERESP_ONPOP,1.8093114739,lfse_inactpt_lackcare
PT,2020,Y15-64,T,INACTPT_CARERESP_ONPOP,0.7694413046,lfse_inactpt_lackcare
RO,2020,Y15-64,T,INACTPT_CARERESP_ONPOP,0.113464535,lfse_inactpt_lackcare
RS,2020,Y15-64,T,INACTPT_CARERESP_ONPOP,1.1100894973,lfse_inactpt_lackcare
SE,2020,Y15-64,T,INACTPT_CARERESP_ONPOP,2.2310466236,lfse_inactpt_lackcare
SI,2020,Y15-64,T,INACTPT_CARERESP_ONPOP,0.899810701,lfse_inactpt_lackcare
SK,2020,Y15-64,T,INACTPT_CARERESP_ONPOP,0.8044361582,lfse_inactpt_lackcare
TR,2020,Y15-64,T,INACTPT_CARERESP_ONPOP,1.2563594103,lfse_inactpt_lackcare
AT,2019,Y15-64,T,INACTPT_CARERESP_ONPOP,6.9746948304,lfse_inactpt_lackcare
BE,2019,Y15-64,T,INACTPT_CARERESP_ONPOP,3.7187866932,lfse_inactpt_lackcare
BG,2019,Y15-64,T,INACTPT_CARERESP_ONPOP,0.1786569922,lfse_inactpt_lackcare
CH,2019,Y15-64,T,INACTPT_CARERESP_ONPOP,6.3449250509,lfse_inactpt_lackcare
CY,2019,Y15-64,T,INACTPT_CARERESP_ONPOP,1.0280953312,lfse_inactpt_lackcare
CZ,2019,Y15-64,T,INACTPT_CARERESP_ONPOP,1.2661215738,lfse_inactpt_lackcare
DE,2019,Y15-64,T,INACTPT_CARERESP_ONPOP,5.8734897826,lfse_inactpt_lackcare
DK,2019,Y15-64,T,INACTPT_CARERESP_ONPOP,0.4750170472,lfse_inactpt_lackcare
EE,2019,Y15-64,T,INACTPT_CARERESP_ONPOP,1.6695591106,lfse_inactpt_lackcare
EL,2019,Y15-64,T,INACTPT_CARERESP_ONPOP,0.7030113647,lfse_inactpt_lackcare
ES,2019,Y15-64,T,INACTPT_CARERESP_ONPOP,1.4934297594,lfse_inactpt_lackcare
EU27_2020,2019,Y15-64,T,INACTPT_CARERESP_ONPOP,3.0743387697,lfse_inactpt_lackcare
EUR20,2019,Y15-64,T,INACTPT_CARERESP_ONPOP,3.6070916832,lfse_inactpt_lackcare
FI,2019,Y15-64,T,INACTPT_CARERESP_ONPOP,0.9635798945,lfse_inactpt_lackcare
FR,2019,Y15-64,T,INACTPT_CARERESP_ONPOP,3.0732097869,lfse_inactpt_lackcare
HR,2019,Y15-64,T,INACTPT_CARERESP_ONPOP,0.7014207835,lfse_inactpt_lackcare
HU,2019,Y15-64,T,INACTPT_CARERESP_ONPOP,1.1311913979,lfse_inactpt_lackcare
IE,2019,Y15-64,T,INACTPT_CARERESP_ONPOP,4.207323596,lfse_inactpt_lackcare
IS,2019,Y15-64,T,INACTPT_CARERESP_ONPOP,1.2885393521,lfse_inactpt_lackcare
IT,2019,Y15-64,T,INACTPT_CARERESP_ONPOP,2.4433070313,lfse_inactpt_lackcare
LT,2019,Y15-64,T,INACTPT_CARERESP_ONPOP,0.1555364476,lfse_inactpt_lackcare
LU,2019,Y15-64,T,INACTPT_CARERESP_ONPOP,3.6445423765,lfse_inactpt_lackcare
LV,2019,Y15-64,T,INACTPT_CARERESP_ONPOP,0.9579450801,lfse_inactpt_lackcare
ME,2019,Y15-64,T,INACTPT_CARERESP_ONPOP,0.2849674523,lfse_inactpt_lackcare
MK,2019,Y15-64,T,INACTPT_CARERESP_ONPOP,0.9502951019,lfse_inactpt_lackcare
MT,2019,Y15-64,T,INACTPT_CARERESP_ONPOP,1.9490645812,lfse_inactpt_lackcare
NL,2019,Y15-64,T,INACTPT_CARERESP_ONPOP,10.033953037,lfse_inactpt_lackcare
NO,2019,Y15-64,T,INACTPT_CARERESP_ONPOP,1.0396022978,lfse_inactpt_lackcare
PL,2019,Y15-64,T,INACTPT_CARERESP_ONPOP,1.9002273189,lfse_inactpt_lackcare
PT,2019,Y15-64,T,INACTPT_CARERESP_ONPOP,0.5863731785,lfse_inactpt_lackcare
RO,2019,Y15-64,T,INACTPT_CARERESP_ONPOP,0.1116829658,lfse_inactpt_lackcare
RS,2019,Y15-64,T,INACTPT_CARERESP_ONPOP,1.1907148532,lfse_inactpt_lackcare
SE,2019,Y15-64,T,INACTPT_CARERESP_ONPOP,2.4635821446,lfse_inactpt_lackcare
SI,2019,Y15-64,T,INACTPT_CARERESP_ONPOP,0.9590141711,lfse_inactpt_lackcare
SK,2019,Y15-64,T,INACTPT_CARERESP_ONPOP,0.7420149492,lfse_inactpt_lackcare
TR,2019,Y15-64,T,INACTPT_CARERESP_ONPOP,0.8105126277,lfse_inactpt_lackcare
UK,2019,Y15-64,T,INACTPT_CARERESP_ONPOP,6.1960298574,lfse_inactpt_lackcare
AT,2018,Y15-64,T,INACTPT_CARERESP_ONPOP,6.6774215898,lfse_inactpt_lackcare
BE,2018,Y15-64,T,INACTPT_CARERESP_ONPOP,3.5488618866,lfse_inactpt_lackcare
BG,2018,Y15-64,T,INACTPT_CARERESP_ONPOP,0.133488073,lfse_inactpt_lackcare
CH,2018,Y15-64,T,INACTPT_CARERESP_ONPOP,6.1157461013,lfse_inactpt_lackcare
CY,2018,Y15-64,T,INACTPT_CARERESP_ONPOP,1.0066467908,lfse_inactpt_lackcare
CZ,2018,Y15-64,T,INACTPT_CARERESP_ONPOP,1.3562100097,lfse_inactpt_lackcare
DE,2018,Y15-64,T,INACTPT_CARERESP_ONPOP,5.6602204664,lfse_inactpt_lackcare
DK,2018,Y15-64,T,INACTPT_CARERESP_ONPOP,0.5469685145,lfse_inactpt_lackcare
EE,2018,Y15-64,T,INACTPT_CARERESP_ONPOP,1.8071824234,lfse_inactpt_lackcare
EL,2018,Y15-64,T,INACTPT_CARERESP_ONPOP,0.6586967327,lfse_inactpt_lackcare
ES,2018,Y15-64,T,INACTPT_CARERESP_ONPOP,1.69876102,lfse_inactpt_lackcare
EU27_2020,2018,Y15-64,T,INACTPT_CARERESP_ONPOP,3.0316677006,lfse_inactpt_lackcare
EUR20,2018,Y15-64,T,INACTPT_CARERESP_ONPOP,3.5539730181,lfse_inactpt_lackcare
FI,2018,Y15-64,T,INACTPT_CARERESP_ONPOP,1.0403956311,lfse_inactpt_lackcare
FR,2018,Y15-64,T,INACTPT_CARERESP_ONPOP,2.8577305079,lfse_inactpt_lackcare
HR,2018,Y15-64,T,INACTPT_CARERESP_ONPOP,0.8352603246,lfse_inactpt_lackcare
HU,2018,Y15-64,T,INACTPT_CARERESP_ONPOP,1.0640448519,lfse_inactpt_lackcare
IE,2018,Y15-64,T,INACTPT_CARERESP_ONPOP,4.4078735474,lfse_inactpt_lackcare
IS,2018,Y15-64,T,INACTPT_CARERESP_ONPOP,1.27751028,lfse_inactpt_lackcare
IT,2018,Y15-64,T,INACTPT_CARERESP_ONPOP,2.6595937518,lfse_inactpt_lackcare
LT,2018,Y15-64,T,INACTPT_CARERESP_ONPOP,0.2518880102,lfse_inactpt_lackcare
LU,2018,Y15-64,T,INACTPT_CARERESP_ONPOP,4.2689279883,lfse_inactpt_lackcare
LV,2018,Y15-64,T,INACTPT_CARERESP_ONPOP,0.5118427429,lfse_inactpt_lackcare
ME,2018,Y15-64,T,INACTPT_CARERESP_ONPOP,0.3311416482,lfse_inactpt_lackcare
MK,2018,Y15-64,T,INACTPT_CARERESP_ONPOP,0.8263870964,lfse_inactpt_lackcare
MT,2018,Y15-64,T,INACTPT_CARERESP_ONPOP,2.0311502598,lfse_inactpt_lackcare
NL,2018,Y15-64,T,INACTPT_CARERESP_ONPOP,9.6887173909,lfse_inactpt_lackcare
NO,2018,Y15-64,T,INACTPT_CARERESP_ONPOP,1.1718723319,lfse_inactpt_lackcare
PL,2018,Y15-64,T,INACTPT_CARERESP_ONPOP,1.8229868982,lfse_inactpt_lackcare
PT,2018,Y15-64,T,INACTPT_CARERESP_ONPOP,0.5785401657,lfse_inactpt_lackcare
RO,2018,Y15-64,T,INACTPT_CARERESP_ONPOP,0.1495275966,lfse_inactpt_lackcare
RS,2018,Y15-64,T,INACTPT_CARERESP_ONPOP,1.2206913354,lfse_inactpt_lackcare
SE,2018,Y15-64,T,INACTPT_CARERESP_ONPOP,2.6298892311,lfse_inactpt_lackcare
SI,2018,Y15-64,T,INACTPT_CARERESP_ONPOP,1.0177351159,lfse_inactpt_lackcare
SK,2018,Y15-64,T,INACTPT_CARERESP_ONPOP,0.8256542844,lfse_inactpt_lackcare
TR,2018,Y15-64,T,INACTPT_CARERESP_ONPOP,0.8833971566,lfse_inactpt_lackcare
UK,2018,Y15-64,T,INACTPT_CARERESP_ONPOP,6.6519009547,lfse_inactpt_lackcare
AT,2017,Y15-64,T,INACTPT_CARERESP_ONPOP,6.7883217564,lfse_inactpt_lackcare
BE,2017,Y15-64,T,INACTPT_CARERESP_ONPOP,3.3847318383,lfse_inactpt_lackcare
BG,2017,Y15-64,T,INACTPT_CARERESP_ONPOP,0.1731677365,lfse_inactpt_lackcare
CH,2017,Y15-64,T,INACTPT_CARERESP_ONPOP,6.0408937394,lfse_inactpt_lackcare
CY,2017,Y15-64,T,INACTPT_CARERESP_ONPOP,0.890969942,lfse_inactpt_lackcare
CZ,2017,Y15-64,T,INACTPT_CARERESP_ONPOP,1.183366892,lfse_inactpt_lackcare
DE,2017,Y15-64,T,INACTPT_CARERESP_ONPOP,5.6089507398,lfse_inactpt_lackcare
DK,2017,Y15-64,T,INACTPT_CARERESP_ONPOP,0.673726638,lfse_inactpt_lackcare
EE,2017,Y15-64,T,INACTPT_CARERESP_ONPOP,1.6447611372,lfse_inactpt_lackcare
EL,2017,Y15-64,T,INACTPT_CARERESP_ONPOP,0.6796933353,lfse_inactpt_lackcare
ES,2017,Y15-64,T,INACTPT_CARERESP_ONPOP,1.4689838418,lfse_inactpt_lackcare
EU27_2020,2017,Y15-64,T,INACTPT_CARERESP_ONPOP,3.018889632,lfse_inactpt_lackcare
EUR20,2017,Y15-64,T,INACTPT_CARERESP_ONPOP,3.5514365968,lfse_inactpt_lackcare
FI,2017,Y15-64,T,INACTPT_CARERESP_ONPOP,1.0371835617,lfse_inactpt_lackcare
FR,2017,Y15-64,T,INACTPT_CARERESP_ONPOP,3.0213882315,lfse_inactpt_lackcare
HR,2017,Y15-64,T,INACTPT_CARERESP_ONPOP,0.8335878869,lfse_inactpt_lackcare
HU,2017,Y15-64,T,INACTPT_CARERESP_ONPOP,1.07746885,lfse_inactpt_lackcare
IE,2017,Y15-64,T,INACTPT_CARERESP_ONPOP,3.6211568634,lfse_inactpt_lackcare
IS,2017,Y15-64,T,INACTPT_CARERESP_ONPOP,2.0298773971,lfse_inactpt_lackcare
IT,2017,Y15-64,T,INACTPT_CARERESP_ONPOP,2.8494229167,lfse_inactpt_lackcare
LT,2017,Y15-64,T,INACTPT_CARERESP_ONPOP,0.2390455218,lfse_inactpt_lackcare
LU,2017,Y15-64,T,INACTPT_CARERESP_ONPOP,4.7406709775,lfse_inactpt_lackcare
LV,2017,Y15-64,T,INACTPT_CARERESP_ONPOP,0.6854083635,lfse_inactpt_lackcare
ME,2017,Y15-64,T,INACTPT_CARERESP_ONPOP,0.1896254653,lfse_inactpt_lackcare
MK,2017,Y15-64,T,INACTPT_CARERESP_ONPOP,0.7835962599,lfse_inactpt_lackcare
MT,2017,Y15-64,T,INACTPT_CARERESP_ONPOP,2.2853516202,lfse_inactpt_lackcare
NL,2017,Y15-64,T,INACTPT_CARERESP_ONPOP,9.4864579064,lfse_inactpt_lackcare
NO,2017,Y15-64,T,INACTPT_CARERESP_ONPOP,1.1652280251,lfse_inactpt_lackcare
PL,2017,Y15-64,T,INACTPT_CARERESP_ONPOP,1.7364264815,lfse_inactpt_lackcare
PT,2017,Y15-64,T,INACTPT_CARERESP_ONPOP,0.6262389593,lfse_inactpt_lackcare
RO,2017,Y15-64,T,INACTPT_CARERESP_ONPOP,0.1396671609,lfse_inactpt_lackcare
RS,2017,Y15-64,T,INACTPT_CARERESP_ONPOP,1.0854049973,lfse_inactpt_lackcare
SE,2017,Y15-64,T,INACTPT_CARERESP_ONPOP,2.6686756631,lfse_inactpt_lackcare
SI,2017,Y15-64,T,INACTPT_CARERESP_ONPOP,0.9721642122,lfse_inactpt_lackcare
SK,2017,Y15-64,T,INACTPT_CARERESP_ONPOP,0.8522390369,lfse_inactpt_lackcare
TR,2017,Y15-64,T,INACTPT_CARERESP_ONPOP,0.8629958541,lfse_inactpt_lackcare
UK,2017,Y15-64,T,INACTPT_CARERESP_ONPOP,6.6357789688,lfse_inactpt_lackcare
AT,2016,Y15-64,T,INACTPT_CARERESP_ONPOP,6.9074963643,lfse_inactpt_lackcare
BE,2016,Y15-64,T,INACTPT_CARERESP_ONPOP,3.2181295615,lfse_inactpt_lackcare
BG,2016,Y15-64,T,INACTPT_CARERESP_ONPOP,0.1458952305,lfse_inactpt_lackcare
CH,2016,Y15-64,T,INACTPT_CARERESP_ONPOP,5.9677636368,lfse_inactpt_lackcare
CY,2016,Y15-64,T,INACTPT_CARERESP_ONPOP,1.2767210538,lfse_inactpt_lackcare
CZ,2016,Y15-64,T,INACTPT_CARERESP_ONPOP,1.2040546086,lfse_inactpt_lackcare
DE,2016,Y15-64,T,INACTPT_CARERESP_ONPOP,5.4789664118,lfse_inactpt_lackcare
DK,2016,Y15-64,T,INACTPT_CARERESP_ONPOP,0.6777495637,lfse_inactpt_lackcare
EE,2016,Y15-64,T,INACTPT_CARERESP_ONPOP,1.6419721684,lfse_inactpt_lackcare
EL,2016,Y15-64,T,INACTPT_CARERESP_ONPOP,0.6085338461,lfse_inactpt_lackcare
ES,2016,Y15-64,T,INACTPT_CARERESP_ONPOP,1.4464029415,lfse_inactpt_lackcare
EU27_2020,2016,Y15-64,T,INACTPT_CARERESP_ONPOP,2.9340261517,lfse_inactpt_lackcare
EUR20,2016,Y15-64,T,INACTPT_CARERESP_ONPOP,3.4458282269,lfse_inactpt_lackcare
FI,2016,Y15-64,T,INACTPT_CARERESP_ONPOP,1.0138852533,lfse_inactpt_lackcare
FR,2016,Y15-64,T,INACTPT_CARERESP_ONPOP,2.8454553394,lfse_inactpt_lackcare
HR,2016,Y15-64,T,INACTPT_CARERESP_ONPOP,0.8826084245,lfse_inactpt_lackcare
HU,2016,Y15-64,T,INACTPT_CARERESP_ONPOP,1.1632616746,lfse_inactpt_lackcare
IE,2016,Y15-64,T,INACTPT_CARERESP_ONPOP,2.8930725997,lfse_inactpt_lackcare
IS,2016,Y15-64,T,INACTPT_CARERESP_ONPOP,1.7693318494,lfse_inactpt_lackcare
IT,2016,Y15-64,T,INACTPT_CARERESP_ONPOP,2.7408293555,lfse_inactpt_lackcare
LT,2016,Y15-64,T,INACTPT_CARERESP_ONPOP,0.2397884896,lfse_inactpt_lackcare
LU,2016,Y15-64,T,INACTPT_CARERESP_ONPOP,4.3678590829,lfse_inactpt_lackcare
LV,2016,Y15-64,T,INACTPT_CARERESP_ONPOP,1.1102315055,lfse_inactpt_lackcare
ME,2016,Y15-64,T,INACTPT_CARERESP_ONPOP,0.2326653051,lfse_inactpt_lackcare
MK,2016,Y15-64,T,INACTPT_CARERESP_ONPOP,0.5334524798,lfse_inactpt_lackcare
MT,2016,Y15-64,T,INACTPT_CARERESP_ONPOP,2.3001076391,lfse_inactpt_lackcare
NL,2016,Y15-64,T,INACTPT_CARERESP_ONPOP,9.5611408211,lfse_inactpt_lackcare
NO,2016,Y15-64,T,INACTPT_CARERESP_ONPOP,1.1784461075,lfse_inactpt_lackcare
PL,2016,Y15-64,T,INACTPT_CARERESP_ONPOP,1.68059762,lfse_inactpt_lackcare
PT,2016,Y15-64,T,INACTPT_CARERESP_ONPOP,0.5586509877,lfse_inactpt_lackcare
RO,2016,Y15-64,T,INACTPT_CARERESP_ONPOP,0.1484905243,lfse_inactpt_lackcare
RS,2016,Y15-64,T,INACTPT_CARERESP_ONPOP,1.1572709176,lfse_inactpt_lackcare
SE,2016,Y15-64,T,INACTPT_CARERESP_ONPOP,2.8105004131,lfse_inactpt_lackcare
SI,2016,Y15-64,T,INACTPT_CARERESP_ONPOP,0.8233780838,lfse_inactpt_lackcare
SK,2016,Y15-64,T,INACTPT_CARERESP_ONPOP,0.7088669935,lfse_inactpt_lackcare
TR,2016,Y15-64,T,INACTPT_CARERESP_ONPOP,0.7791693767,lfse_inactpt_lackcare
UK,2016,Y15-64,T,INACTPT_CARERESP_ONPOP,6.80429677,lfse_inactpt_lackcare
AT,2015,Y15-64,T,INACTPT_CARERESP_ONPOP,6.7329693182,lfse_inactpt_lackcare
BE,2015,Y15-64,T,INACTPT_CARERESP_ONPOP,3.1022604344,lfse_inactpt_lackcare
BG,2015,Y15-64,T,INACTPT_CARERESP_ONPOP,0.172165243,lfse_inactpt_lackcare
CH,2015,Y15-64,T,INACTPT_CARERESP_ONPOP,6.1872999774,lfse_inactpt_lackcare
CY,2015,Y15-64,T,INACTPT_CARERESP_ONPOP,1.2062957061,lfse_inactpt_lackcare
CZ,2015,Y15-64,T,INACTPT_CARERESP_ONPOP,1.0035960764,lfse_inactpt_lackcare
DE,2015,Y15-64,T,INACTPT_CARERESP_ONPOP,5.3119861145,lfse_inactpt_lackcare
DK,2015,Y15-64,T,INACTPT_CARERESP_ONPOP,0.436111572,lfse_inactpt_lackcare
EE,2015,Y15-64,T,INACTPT_CARERESP_ONPOP,1.5090104661,lfse_inactpt_lackcare
EL,2015,Y15-64,T,INACTPT_CARERESP_ONPOP,0.5931333767,lfse_inactpt_lackcare
ES,2015,Y15-64,T,INACTPT_CARERESP_ONPOP,1.375913688,lfse_inactpt_lackcare
EU27_2020,2015,Y15-64,T,INACTPT_CARERESP_ONPOP,2.8876956288,lfse_inactpt_lackcare
EUR20,2015,Y15-64,T,INACTPT_CARERESP_ONPOP,3.4152417585,lfse_inactpt_lackcare
FI,2015,Y15-64,T,INACTPT_CARERESP_ONPOP,1.0174356393,lfse_inactpt_lackcare
FR,2015,Y15-64,T,INACTPT_CARERESP_ONPOP,3.0065014065,lfse_inactpt_lackcare
HR,2015,Y15-64,T,INACTPT_CARERESP_ONPOP,0.6533117262,lfse_inactpt_lackcare
HU,2015,Y15-64,T,INACTPT_CARERESP_ONPOP,1.1619259474,lfse_inactpt_lackcare
IE,2015,Y15-64,T,INACTPT_CARERESP_ONPOP,2.8316936219,lfse_inactpt_lackcare
IS,2015,Y15-64,T,INACTPT_CARERESP_ONPOP,1.9123843071,lfse_inactpt_lackcare
IT,2015,Y15-64,T,INACTPT_CARERESP_ONPOP,2.7438465348,lfse_inactpt_lackcare
LT,2015,Y15-64,T,INACTPT_CARERESP_ONPOP,0.2674781101,lfse_inactpt_lackcare
LU,2015,Y15-64,T,INACTPT_CARERESP_ONPOP,4.1187663079,lfse_inactpt_lackcare
LV,2015,Y15-64,T,INACTPT_CARERESP_ONPOP,1.0267944283,lfse_inactpt_lackcare
ME,2015,Y15-64,T,INACTPT_CARERESP_ONPOP,0.3194818227,lfse_inactpt_lackcare
MK,2015,Y15-64,T,INACTPT_CARERESP_ONPOP,0.5697985365,lfse_inactpt_lackcare
MT,2015,Y15-64,T,INACTPT_CARERESP_ONPOP,2.3610187853,lfse_inactpt_lackcare
NL,2015,Y15-64,T,INACTPT_CARERESP_ONPOP,9.8665966414,lfse_inactpt_lackcare
NO,2015,Y15-64,T,INACTPT_CARERESP_ONPOP,1.3711790536,lfse_inactpt_lackcare
PL,2015,Y15-64,T,INACTPT_CARERESP_ONPOP,1.5253363635,lfse_inactpt_lackcare
PT,2015,Y15-64,T,INACTPT_CARERESP_ONPOP,0.5668563167,lfse_inactpt_lackcare
RO,2015,Y15-64,T,INACTPT_CARERESP_ONPOP,0.2108452229,lfse_inactpt_lackcare
RS,2015,Y15-64,T,INACTPT_CARERESP_ONPOP,1.434219951,lfse_inactpt_lackcare
SE,2015,Y15-64,T,INACTPT_CARERESP_ONPOP,2.8201083527,lfse_inactpt_lackcare
SI,2015,Y15-64,T,INACTPT_CARERESP_ONPOP,0.9247454116,lfse_inactpt_lackcare
SK,2015,Y15-64,T,INACTPT_CARERESP_ONPOP,0.7348452181,lfse_inactpt_lackcare
TR,2015,Y15-64,T,INACTPT_CARERESP_ONPOP,0.7944329897,lfse_inactpt_lackcare
UK,2015,Y15-64,T,INACTPT_CARERESP_ONPOP,6.7047233324,lfse_inactpt_lackcare
AT,2014,Y15-64,T,INACTPT_CARERESP_ONPOP,6.8184393504,lfse_inactpt_lackcare
BE,2014,Y15-64,T,INACTPT_CARERESP_ONPOP,2.9974400242,lfse_inactpt_lackcare
BG,2014,Y15-64,T,INACTPT_CARERESP_ONPOP,0.2152505043,lfse_inactpt_lackcare
CH,2014,Y15-64,T,INACTPT_CARERESP_ONPOP,6.72497698,lfse_inactpt_lackcare
CY,2014,Y15-64,T,INACTPT_CARERESP_ONPOP,1.2868693981,lfse_inactpt_lackcare
CZ,2014,Y15-64,T,INACTPT_CARERESP_ONPOP,1.0479660226,lfse_inactpt_lackcare
DE,2014,Y15-64,T,INACTPT_CARERESP_ONPOP,5.1183519935,lfse_inactpt_lackcare
DK,2014,Y15-64,T,INACTPT_CARERESP_ONPOP,0.5537098899,lfse_inactpt_lackcare
EE,2014,Y15-64,T,INACTPT_CARERESP_ONPOP,1.3120649281,lfse_inactpt_lackcare
EL,2014,Y15-64,T,INACTPT_CARERESP_ONPOP,0.5656810316,lfse_inactpt_lackcare
ES,2014,Y15-64,T,INACTPT_CARERESP_ONPOP,1.4272685811,lfse_inactpt_lackcare
EU27_2020,2014,Y15-64,T,INACTPT_CARERESP_ONPOP,2.8110877505,lfse_inactpt_lackcare
EUR20,2014,Y15-64,T,INACTPT_CARERESP_ONPOP,3.3101111149,lfse_inactpt_lackcare
FI,2014,Y15-64,T,INACTPT_CARERESP_ONPOP,0.9142022009,lfse_inactpt_lackcare
FR,2014,Y15-64,T,INACTPT_CARERESP_ONPOP,2.8051446127,lfse_inactpt_lackcare
HR,2014,Y15-64,T,INACTPT_CARERESP_ONPOP,0.5630070911,lfse_inactpt_lackcare
HU,2014,Y15-64,T,INACTPT_CARERESP_ONPOP,1.082863102,lfse_inactpt_lackcare
IE,2014,Y15-64,T,INACTPT_CARERESP_ONPOP,2.6671011414,lfse_inactpt_lackcare
IS,2014,Y15-64,T,INACTPT_CARERESP_ONPOP,1.7781118418,lfse_inactpt_lackcare
IT,2014,Y15-64,T,INACTPT_CARERESP_ONPOP,2.797319792,lfse_inactpt_lackcare
LT,2014,Y15-64,T,INACTPT_CARERESP_ONPOP,0.4581019918,lfse_inactpt_lackcare
LU,2014,Y15-64,T,INACTPT_CARERESP_ONPOP,3.1168789487,lfse_inactpt_lackcare
LV,2014,Y15-64,T,INACTPT_CARERESP_ONPOP,1.0411891262,lfse_inactpt_lackcare
ME,2014,Y15-64,T,INACTPT_CARERESP_ONPOP,0.5478936024,lfse_inactpt_lackcare
MK,2014,Y15-64,T,INACTPT_CARERESP_ONPOP,0.7788721837,lfse_inactpt_lackcare
MT,2014,Y15-64,T,INACTPT_CARERESP_ONPOP,2.0100364971,lfse_inactpt_lackcare
NL,2014,Y15-64,T,INACTPT_CARERESP_ONPOP,9.3217387317,lfse_inactpt_lackcare
NO,2014,Y15-64,T,INACTPT_CARERESP_ONPOP,1.4409360451,lfse_inactpt_lackcare
PL,2014,Y15-64,T,INACTPT_CARERESP_ONPOP,1.5958669547,lfse_inactpt_lackcare
PT,2014,Y15-64,T,INACTPT_CARERESP_ONPOP,0.6377155154,lfse_inactpt_lackcare
RO,2014,Y15-64,T,INACTPT_CARERESP_ONPOP,0.190940935,lfse_inactpt_lackcare
RS,2014,Y15-64,T,INACTPT_CARERESP_ONPOP,1.2528137684,lfse_inactpt_lackcare
SE,2014,Y15-64,T,INACTPT_CARERESP_ONPOP,2.8406139746,lfse_inactpt_lackcare
SI,2014,Y15-64,T,INACTPT_CARERESP_ONPOP,0.9333613842,lfse_inactpt_lackcare
SK,2014,Y15-64,T,INACTPT_CARERESP_ONPOP,0.7943680868,lfse_inactpt_lackcare
TR,2014,Y15-64,T,INACTPT_CARERESP_ONPOP,0.8755963613,lfse_inactpt_lackcare
UK,2014,Y15-64,T,INACTPT_CARERESP_ONPOP,6.7845330509,lfse_inactpt_lackcare
AT,2013,Y15-64,T,INACTPT_CARERESP_ONPOP,6.5071144795,lfse_inactpt_lackcare
BE,2013,Y15-64,T,INACTPT_CARERESP_ONPOP,2.9284606143,lfse_inactpt_lackcare
BG,2013,Y15-64,T,INACTPT_CARERESP_ONPOP,0.1945912606,lfse_inactpt_lackcare
CH,2013,Y15-64,T,INACTPT_CARERESP_ONPOP,6.7358782531,lfse_inactpt_lackcare
CY,2013,Y15-64,T,INACTPT_CARERESP_ONPOP,1.4240754734,lfse_inactpt_lackcare
CZ,2013,Y15-64,T,INACTPT_CARERESP_ONPOP,1.093390433,lfse_inactpt_lackcare
DE,2013,Y15-64,T,INACTPT_CARERESP_ONPOP,5.0802325984,lfse_inactpt_lackcare
DK,2013,Y15-64,T,INACTPT_CARERESP_ONPOP,0.6429353726,lfse_inactpt_lackcare
EE,2013,Y15-64,T,INACTPT_CARERESP_ONPOP,1.2418183517,lfse_inactpt_lackcare
EL,2013,Y15-64,T,INACTPT_CARERESP_ONPOP,0.6251057992,lfse_inactpt_lackcare
ES,2013,Y15-64,T,INACTPT_CARERESP_ONPOP,1.6378750855,lfse_inactpt_lackcare
EU27_2020,2013,Y15-64,T,INACTPT_CARERESP_ONPOP,2.9108684134,lfse_inactpt_lackcare
EUR20,2013,Y15-64,T,INACTPT_CARERESP_ONPOP,3.4361864077,lfse_inactpt_lackcare
FI,2013,Y15-64,T,INACTPT_CARERESP_ONPOP,1.1998651221,lfse_inactpt_lackcare
FR,2013,Y15-64,T,INACTPT_CARERESP_ONPOP,3.2942104599,lfse_inactpt_lackcare
HR,2013,Y15-64,T,INACTPT_CARERESP_ONPOP,0.8598376925,lfse_inactpt_lackcare
HU,2013,Y15-64,T,INACTPT_CARERESP_ONPOP,1.0939906263,lfse_inactpt_lackcare
IE,2013,Y15-64,T,INACTPT_CARERESP_ONPOP,2.6164104423,lfse_inactpt_lackcare
IS,2013,Y15-64,T,INACTPT_CARERESP_ONPOP,1.4004538683,lfse_inactpt_lackcare
IT,2013,Y15-64,T,INACTPT_CARERESP_ONPOP,2.859423942,lfse_inactpt_lackcare
LT,2013,Y15-64,T,INACTPT_CARERESP_ONPOP,0.5065905082,lfse_inactpt_lackcare
LU,2013,Y15-64,T,INACTPT_CARERESP_ONPOP,3.3612680048,lfse_inactpt_lackcare
LV,2013,Y15-64,T,INACTPT_CARERESP_ONPOP,0.9456641928,lfse_inactpt_lackcare
ME,2013,Y15-64,T,INACTPT_CARERESP_ONPOP,0.3582824061,lfse_inactpt_lackcare
MK,2013,Y15-64,T,INACTPT_CARERESP_ONPOP,0.5521412146,lfse_inactpt_lackcare
MT,2013,Y15-64,T,INACTPT_CARERESP_ONPOP,2.2270176202,lfse_inactpt_lackcare
NL,2013,Y15-64,T,INACTPT_CARERESP_ONPOP,9.5923574351,lfse_inactpt_lackcare
NO,2013,Y15-64,T,INACTPT_CARERESP_ONPOP,1.8881226457,lfse_inactpt_lackcare
PL,2013,Y15-64,T,INACTPT_CARERESP_ONPOP,1.6147029047,lfse_inactpt_lackcare
PT,2013,Y15-64,T,INACTPT_CARERESP_ONPOP,0.6404278636,lfse_inactpt_lackcare
RO,2013,Y15-64,T,INACTPT_CARERESP_ONPOP,0.2164457069,lfse_inactpt_lackcare
RS,2013,Y15-64,T,INACTPT_CARERESP_ONPOP,1.1134340475,lfse_inactpt_lackcare
SE,2013,Y15-64,T,INACTPT_CARERESP_ONPOP,2.9518970457,lfse_inactpt_lackcare
SI,2013,Y15-64,T,INACTPT_CARERESP_ONPOP,0.7910358544,lfse_inactpt_lackcare
SK,2013,Y15-64,T,INACTPT_CARERESP_ONPOP,0.6225241384,lfse_inactpt_lackcare
TR,2013,Y15-64,T,INACTPT_CARERESP_ONPOP,0.8024192035,lfse_inactpt_lackcare
UK,2013,Y15-64,T,INACTPT_CARERESP_ONPOP,6.6882838974,lfse_inactpt_lackcare
AT,2012,Y15-64,T,INACTPT_CARERESP_ONPOP,6.4846629926,lfse_inactpt_lackcare
BE,2012,Y15-64,T,INACTPT_CARERESP_ONPOP,2.8890349505,lfse_inactpt_lackcare
BG,2012,Y15-64,T,INACTPT_CARERESP_ONPOP,0.181214885,lfse_inactpt_lackcare
CH,2012,Y15-64,T,INACTPT_CARERESP_ONPOP,6.4669973395,lfse_inactpt_lackcare
CY,2012,Y15-64,T,INACTPT_CARERESP_ONPOP,1.3778459307,lfse_inactpt_lackcare
CZ,2012,Y15-64,T,INACTPT_CARERESP_ONPOP,0.9695730972,lfse_inactpt_lackcare
DE,2012,Y15-64,T,INACTPT_CARERESP_ONPOP,4.6500669029,lfse_inactpt_lackcare
DK,2012,Y15-64,T,INACTPT_CARERESP_ONPOP,0.6559668258,lfse_inactpt_lackcare
EE,2012,Y15-64,T,INACTPT_CARERESP_ONPOP,1.581133486,lfse_inactpt_lackcare
EL,2012,Y15-64,T,INACTPT_CARERESP_ONPOP,0.6562137549,lfse_inactpt_lackcare
ES,2012,Y15-64,T,INACTPT_CARERESP_ONPOP,1.395542959,lfse_inactpt_lackcare
EU27_2020,2012,Y15-64,T,INACTPT_CARERESP_ONPOP,2.8119908538,lfse_inactpt_lackcare
EUR20,2012,Y15-64,T,INACTPT_CARERESP_ONPOP,3.3076795003,lfse_inactpt_lackcare
FI,2012,Y15-64,T,INACTPT_CARERESP_ONPOP,0.9846381553,lfse_inactpt_lackcare
FR,2012,Y15-64,T,INACTPT_CARERESP_ONPOP,3.1796603546,lfse_inactpt_lackcare
HR,2012,Y15-64,T,INACTPT_CARERESP_ONPOP,0.7093011482,lfse_inactpt_lackcare
HU,2012,Y15-64,T,INACTPT_CARERESP_ONPOP,1.0830052573,lfse_inactpt_lackcare
IE,2012,Y15-64,T,INACTPT_CARERESP_ONPOP,2.3580466537,lfse_inactpt_lackcare
IS,2012,Y15-64,T,INACTPT_CARERESP_ONPOP,1.6310405669,lfse_inactpt_lackcare
IT,2012,Y15-64,T,INACTPT_CARERESP_ONPOP,3.0651522909,lfse_inactpt_lackcare
LT,2012,Y15-64,T,INACTPT_CARERESP_ONPOP,0.3853601999,lfse_inactpt_lackcare
LU,2012,Y15-64,T,INACTPT_CARERESP_ONPOP,3.2770921291,lfse_inactpt_lackcare
LV,2012,Y15-64,T,INACTPT_CARERESP_ONPOP,0.9882479062,lfse_inactpt_lackcare
ME,2012,Y15-64,T,INACTPT_CARERESP_ONPOP,0.3936983306,lfse_inactpt_lackcare
MK,2012,Y15-64,T,INACTPT_CARERESP_ONPOP,0.5431829495,lfse_inactpt_lackcare
MT,2012,Y15-64,T,INACTPT_CARERESP_ONPOP,2.4359103644,lfse_inactpt_lackcare
NL,2012,Y15-64,T,INACTPT_CARERESP_ONPOP,9.8501074445,lfse_inactpt_lackcare
NO,2012,Y15-64,T,INACTPT_CARERESP_ONPOP,2.1572181223,lfse_inactpt_lackcare
PL,2012,Y15-64,T,INACTPT_CARERESP_ONPOP,1.6497897451,lfse_inactpt_lackcare
PT,2012,Y15-64,T,INACTPT_CARERESP_ONPOP,0.6586395007,lfse_inactpt_lackcare
RO,2012,Y15-64,T,INACTPT_CARERESP_ONPOP,0.2057299266,lfse_inactpt_lackcare
RS,2012,Y15-64,T,INACTPT_CARERESP_ONPOP,0.9429793568,lfse_inactpt_lackcare
SE,2012,Y15-64,T,INACTPT_CARERESP_ONPOP,3.042576262,lfse_inactpt_lackcare
SI,2012,Y15-64,T,INACTPT_CARERESP_ONPOP,0.5176177368,lfse_inactpt_lackcare
SK,2012,Y15-64,T,INACTPT_CARERESP_ONPOP,0.4850045245,lfse_inactpt_lackcare
TR,2012,Y15-64,T,INACTPT_CARERESP_ONPOP,0.7298350777,lfse_inactpt_lackcare
UK,2012,Y15-64,T,INACTPT_CARERESP_ONPOP,7.0908220003,lfse_inactpt_lackcare
AT,2011,Y15-64,T,INACTPT_CARERESP_ONPOP,6.3870329083,lfse_inactpt_lackcare
BE,2011,Y15-64,T,INACTPT_CARERESP_ONPOP,,lfse_inactpt_lackcare
BG,2011,Y15-64,T,INACTPT_CARERESP_ONPOP,0.1613429279,lfse_inactpt_lackcare
CH,2011,Y15-64,T,INACTPT_CARERESP_ONPOP,6.5306643883,lfse_inactpt_lackcare
CY,2011,Y15-64,T,INACTPT_CARERESP_ONPOP,1.1633737626,lfse_inactpt_lackcare
CZ,2011,Y15-64,T,INACTPT_CARERESP_ONPOP,0.9272908984,lfse_inactpt_lackcare
DE,2011,Y15-64,T,INACTPT_CARERESP_ONPOP,4.6220000557,lfse_inactpt_lackcare
DK,2011,Y15-64,T,INACTPT_CARERESP_ONPOP,0.7157080799,lfse_inactpt_lackcare
EE,2011,Y15-64,T,INACTPT_CARERESP_ONPOP,1.327005383,lfse_inactpt_lackcare
EL,2011,Y15-64,T,INACTPT_CARERESP_ONPOP,0.6216101409,lfse_inactpt_lackcare
ES,2011,Y15-64,T,INACTPT_CARERESP_ONPOP,1.6005955103,lfse_inactpt_lackcare
EU27_2020,2011,Y15-64,T,INACTPT_CARERESP_ONPOP,2.7932056843,lfse_inactpt_lackcare
EUR20,2011,Y15-64,T,INACTPT_CARERESP_ONPOP,3.2890188543,lfse_inactpt_lackcare
FI,2011,Y15-64,T,INACTPT_CARERESP_ONPOP,1.0413021899,lfse_inactpt_lackcare
FR,2011,Y15-64,T,INACTPT_CARERESP_ONPOP,3.1756303524,lfse_inactpt_lackcare
HR,2011,Y15-64,T,INACTPT_CARERESP_ONPOP,0.7266518667,lfse_inactpt_lackcare
HU,2011,Y15-64,T,INACTPT_CARERESP_ONPOP,1.0874465012,lfse_inactpt_lackcare
IE,2011,Y15-64,T,INACTPT_CARERESP_ONPOP,2.3043484628,lfse_inactpt_lackcare
IS,2011,Y15-64,T,INACTPT_CARERESP_ONPOP,1.74514375,lfse_inactpt_lackcare
IT,2011,Y15-64,T,INACTPT_CARERESP_ONPOP,2.9144142087,lfse_inactpt_lackcare
LT,2011,Y15-64,T,INACTPT_CARERESP_ONPOP,0.4458109354,lfse_inactpt_lackcare
LU,2011,Y15-64,T,INACTPT_CARERESP_ONPOP,3.8494066698,lfse_inactpt_lackcare
LV,2011,Y15-64,T,INACTPT_CARERESP_ONPOP,1.263709954,lfse_inactpt_lackcare
ME,2011,Y15-64,T,INACTPT_CARERESP_ONPOP,0.2054198335,lfse_inactpt_lackcare
MK,2011,Y15-64,T,INACTPT_CARERESP_ONPOP,0.4441724296,lfse_inactpt_lackcare
MT,2011,Y15-64,T,INACTPT_CARERESP_ONPOP,2.0809581116,lfse_inactpt_lackcare
NL,2011,Y15-64,T,INACTPT_CARERESP_ONPOP,9.9659787542,lfse_inactpt_lackcare
NO,2011,Y15-64,T,INACTPT_CARERESP_ONPOP,2.1030702989,lfse_inactpt_lackcare
PL,2011,Y15-64,T,INACTPT_CARERESP_ONPOP,1.626600674,lfse_inactpt_lackcare
PT,2011,Y15-64,T,INACTPT_CARERESP_ONPOP,0.672556069,lfse_inactpt_lackcare
RO,2011,Y15-64,T,INACTPT_CARERESP_ONPOP,0.2362536544,lfse_inactpt_lackcare
RS,2011,Y15-64,T,INACTPT_CARERESP_ONPOP,0.7830447574,lfse_inactpt_lackcare
SE,2011,Y15-64,T,INACTPT_CARERESP_ONPOP,2.9854738238,lfse_inactpt_lackcare
SI,2011,Y15-64,T,INACTPT_CARERESP_ONPOP,0.6437824239,lfse_inactpt_lackcare
SK,2011,Y15-64,T,INACTPT_CARERESP_ONPOP,0.5124635584,lfse_inactpt_lackcare
TR,2011,Y15-64,T,INACTPT_CARERESP_ONPOP,0.6944719283,lfse_inactpt_lackcare
UK,2011,Y15-64,T,INACTPT_CARERESP_ONPOP,6.8124804253,lfse_inactpt_lackcare
AT,2010,Y15-64,T,INACTPT_CARERESP_ONPOP,6.3794457199,lfse_inactpt_lackcare
BE,2010,Y15-64,T,INACTPT_CARERESP_ONPOP,2.3714230826,lfse_inactpt_lackcare
BG,2010,Y15-64,T,INACTPT_CARERESP_ONPOP,0.2719930651,lfse_inactpt_lackcare
CH,2010,Y15-64,T,INACTPT_CARERESP_ONPOP,6.3566044905,lfse_inactpt_lackcare
CY,2010,Y15-64,T,INACTPT_CARERESP_ONPOP,1.4420785809,lfse_inactpt_lackcare
CZ,2010,Y15-64,T,INACTPT_CARERESP_ONPOP,1.0368975476,lfse_inactpt_lackcare
DE,2010,Y15-64,T,INACTPT_CARERESP_ONPOP,4.5872573203,lfse_inactpt_lackcare
DK,2010,Y15-64,T,INACTPT_CARERESP_ONPOP,0.736550282,lfse_inactpt_lackcare
EE,2010,Y15-64,T,INACTPT_CARERESP_ONPOP,1.3084099852,lfse_inactpt_lackcare
EL,2010,Y15-64,T,INACTPT_CARERESP_ONPOP,0.6432378991,lfse_inactpt_lackcare
ES,2010,Y15-64,T,INACTPT_CARERESP_ONPOP,1.6958117317,lfse_inactpt_lackcare
EU27_2020,2010,Y15-64,T,INACTPT_CARERESP_ONPOP,2.8351608781,lfse_inactpt_lackcare
EUR20,2010,Y15-64,T,INACTPT_CARERESP_ONPOP,3.3377004653,lfse_inactpt_lackcare
FI,2010,Y15-64,T,INACTPT_CARERESP_ONPOP,0.9512195235,lfse_inactpt_lackcare
FR,2010,Y15-64,T,INACTPT_CARERESP_ONPOP,3.1381245497,lfse_inactpt_lackcare
HR,2010,Y15-64,T,INACTPT_CARERESP_ONPOP,0.6184534688,lfse_inactpt_lackcare
HU,2010,Y15-64,T,INACTPT_CARERESP_ONPOP,1.0124567369,lfse_inactpt_lackcare
IE,2010,Y15-64,T,INACTPT_CARERESP_ONPOP,2.3810550636,lfse_inactpt_lackcare
IS,2010,Y15-64,T,INACTPT_CARERESP_ONPOP,1.7921665726,lfse_inactpt_lackcare
IT,2010,Y15-64,T,INACTPT_CARERESP_ONPOP,3.1820570816,lfse_inactpt_lackcare
LT,2010,Y15-64,T,INACTPT_CARERESP_ONPOP,0.5207342772,lfse_inactpt_lackcare
LU,2010,Y15-64,T,INACTPT_CARERESP_ONPOP,4.3190470085,lfse_inactpt_lackcare
LV,2010,Y15-64,T,INACTPT_CARERESP_ONPOP,1.0722513385,lfse_inactpt_lackcare
MK,2010,Y15-64,T,INACTPT_CARERESP_ONPOP,0.4042766079,lfse_inactpt_lackcare
MT,2010,Y15-64,T,INACTPT_CARERESP_ONPOP,1.5086618422,lfse_inactpt_lackcare
NL,2010,Y15-64,T,INACTPT_CARERESP_ONPOP,10.447442915,lfse_inactpt_lackcare
NO,2010,Y15-64,T,INACTPT_CARERESP_ONPOP,2.2824462129,lfse_inactpt_lackcare
PL,2010,Y15-64,T,INACTPT_CARERESP_ONPOP,1.6328323935,lfse_inactpt_lackcare
PT,2010,Y15-64,T,INACTPT_CARERESP_ONPOP,0.2813993661,lfse_inactpt_lackcare
RO,2010,Y15-64,T,INACTPT_CARERESP_ONPOP,0.2854709696,lfse_inactpt_lackcare
RS,2010,Y15-64,T,INACTPT_CARERESP_ONPOP,1.0161368124,lfse_inactpt_lackcare
SE,2010,Y15-64,T,INACTPT_CARERESP_ONPOP,3.0563491669,lfse_inactpt_lackcare
SI,2010,Y15-64,T,INACTPT_CARERESP_ONPOP,0.6223939914,lfse_inactpt_lackcare
SK,2010,Y15-64,T,INACTPT_CARERESP_ONPOP,0.546612198,lfse_inactpt_lackcare
TR,2010,Y15-64,T,INACTPT_CARERESP_ONPOP,0.6808716223,lfse_inactpt_lackcare
UK,2010,Y15-64,T,INACTPT_CARERESP_ONPOP,3.890772441,lfse_inactpt_lackcare
AT,2009,Y15-64,T,INACTPT_CARERESP_ONPOP,6.3802025177,lfse_inactpt_lackcare
BE,2009,Y15-64,T,INACTPT_CARERESP_ONPOP,2.4209108903,lfse_inactpt_lackcare
BG,2009,Y15-64,T,INACTPT_CARERESP_ONPOP,0.1926715337,lfse_inactpt_lackcare
CH,2009,Y15-64,T,INACTPT_CARERESP_ONPOP,6.545950598,lfse_inactpt_lackcare
CY,2009,Y15-64,T,INACTPT_CARERESP_ONPOP,1.1214780948,lfse_inactpt_lackcare
CZ,2009,Y15-64,T,INACTPT_CARERESP_ONPOP,0.9719416831,lfse_inactpt_lackcare
DE,2009,Y15-64,T,INACTPT_CARERESP_ONPOP,4.4602839406,lfse_inactpt_lackcare
DK,2009,Y15-64,T,INACTPT_CARERESP_ONPOP,0.7023855125,lfse_inactpt_lackcare
EE,2009,Y15-64,T,INACTPT_CARERESP_ONPOP,1.4371606762,lfse_inactpt_lackcare
EL,2009,Y15-64,T,INACTPT_CARERESP_ONPOP,0.7104407861,lfse_inactpt_lackcare
ES,2009,Y15-64,T,INACTPT_CARERESP_ONPOP,1.6391044652,lfse_inactpt_lackcare
EU27_2020,2009,Y15-64,T,INACTPT_CARERESP_ONPOP,2.8462353689,lfse_inactpt_lackcare
EUR20,2009,Y15-64,T,INACTPT_CARERESP_ONPOP,3.3687520565,lfse_inactpt_lackcare
FI,2009,Y15-64,T,INACTPT_CARERESP_ONPOP,0.8842048879,lfse_inactpt_lackcare
FR,2009,Y15-64,T,INACTPT_CARERESP_ONPOP,3.3530229618,lfse_inactpt_lackcare
HR,2009,Y15-64,T,INACTPT_CARERESP_ONPOP,0.662659839,lfse_inactpt_lackcare
HU,2009,Y15-64,T,INACTPT_CARERESP_ONPOP,0.9827424106,lfse_inactpt_lackcare
IE,2009,Y15-64,T,INACTPT_CARERESP_ONPOP,2.6638967093,lfse_inactpt_lackcare
IS,2009,Y15-64,T,INACTPT_CARERESP_ONPOP,1.8759544579,lfse_inactpt_lackcare
IT,2009,Y15-64,T,INACTPT_CARERESP_ONPOP,3.2310486713,lfse_inactpt_lackcare
LT,2009,Y15-64,T,INACTPT_CARERESP_ONPOP,0.6251612316,lfse_inactpt_lackcare
LU,2009,Y15-64,T,INACTPT_CARERESP_ONPOP,4.3367936964,lfse_inactpt_lackcare
LV,2009,Y15-64,T,INACTPT_CARERESP_ONPOP,1.3194262387,lfse_inactpt_lackcare
MK,2009,Y15-64,T,INACTPT_CARERESP_ONPOP,0.5759606706,lfse_inactpt_lackcare
MT,2009,Y15-64,T,INACTPT_CARERESP_ONPOP,1.5756381562,lfse_inactpt_lackcare
NL,2009,Y15-64,T,INACTPT_CARERESP_ONPOP,10.52115873,lfse_inactpt_lackcare
NO,2009,Y15-64,T,INACTPT_CARERESP_ONPOP,2.2838854422,lfse_inactpt_lackcare
PL,2009,Y15-64,T,INACTPT_CARERESP_ONPOP,1.6498689356,lfse_inactpt_lackcare
PT,2009,Y15-64,T,INACTPT_CARERESP_ONPOP,0.3784705335,lfse_inactpt_lackcare
RO,2009,Y15-64,T,INACTPT_CARERESP_ONPOP,0.2836471544,lfse_inactpt_lackcare
SE,2009,Y15-64,T,INACTPT_CARERESP_ONPOP,3.094244751,lfse_inactpt_lackcare
SI,2009,Y15-64,T,INACTPT_CARERESP_ONPOP,0.3959927394,lfse_inactpt_lackcare
SK,2009,Y15-64,T,INACTPT_CARERESP_ONPOP,0.493826206,lfse_inactpt_lackcare
TR,2009,Y15-64,T,INACTPT_CARERESP_ONPOP,0.6425971703,lfse_inactpt_lackcare
UK,2009,Y15-64,T,INACTPT_CARERESP_ONPOP,3.9254709712,lfse_inactpt_lackcare
AT,2008,Y15-64,T,INACTPT_CARERESP_ONPOP,6.3340907619,lfse_inactpt_lackcare
BE,2008,Y15-64,T,INACTPT_CARERESP_ONPOP,2.532001928,lfse_inactpt_lackcare
BG,2008,Y15-64,T,INACTPT_CARERESP_ONPOP,0.2823195972,lfse_inactpt_lackcare
CH,2008,Y15-64,T,INACTPT_CARERESP_ONPOP,6.6675299639,lfse_inactpt_lackcare
CY,2008,Y15-64,T,INACTPT_CARERESP_ONPOP,1.0825002925,lfse_inactpt_lackcare
CZ,2008,Y15-64,T,INACTPT_CARERESP_ONPOP,1.0037499566,lfse_inactpt_lackcare
DE,2008,Y15-64,T,INACTPT_CARERESP_ONPOP,4.3445710517,lfse_inactpt_lackcare
DK,2008,Y15-64,T,INACTPT_CARERESP_ONPOP,0.9169070281,lfse_inactpt_lackcare
EE,2008,Y15-64,T,INACTPT_CARERESP_ONPOP,1.4334227565,lfse_inactpt_lackcare
EL,2008,Y15-64,T,INACTPT_CARERESP_ONPOP,0.7112507274,lfse_inactpt_lackcare
ES,2008,Y15-64,T,INACTPT_CARERESP_ONPOP,1.7523684463,lfse_inactpt_lackcare
EU27_2020,2008,Y15-64,T,INACTPT_CARERESP_ONPOP,2.9099672531,lfse_inactpt_lackcare
EUR20,2008,Y15-64,T,INACTPT_CARERESP_ONPOP,3.4455093085,lfse_inactpt_lackcare
FI,2008,Y15-64,T,INACTPT_CARERESP_ONPOP,0.9388962428,lfse_inactpt_lackcare
FR,2008,Y15-64,T,INACTPT_CARERESP_ONPOP,3.2964409098,lfse_inactpt_lackcare
HR,2008,Y15-64,T,INACTPT_CARERESP_ONPOP,0.6876365221,lfse_inactpt_lackcare
HU,2008,Y15-64,T,INACTPT_CARERESP_ONPOP,0.9467135514,lfse_inactpt_lackcare
IE,2008,Y15-64,T,INACTPT_CARERESP_ONPOP,2.2671531107,lfse_inactpt_lackcare
IS,2008,Y15-64,T,INACTPT_CARERESP_ONPOP,2.3142626658,lfse_inactpt_lackcare
IT,2008,Y15-64,T,INACTPT_CARERESP_ONPOP,3.7301162955,lfse_inactpt_lackcare
LT,2008,Y15-64,T,INACTPT_CARERESP_ONPOP,0.7617507208,lfse_inactpt_lackcare
LU,2008,Y15-64,T,INACTPT_CARERESP_ONPOP,3.0342024651,lfse_inactpt_lackcare
LV,2008,Y15-64,T,INACTPT_CARERESP_ONPOP,1.322602746,lfse_inactpt_lackcare
MK,2008,Y15-64,T,INACTPT_CARERESP_ONPOP,0.6053922412,lfse_inactpt_lackcare
MT,2008,Y15-64,T,INACTPT_CARERESP_ONPOP,1.4650499061,lfse_inactpt_lackcare
NL,2008,Y15-64,T,INACTPT_CARERESP_ONPOP,10.767905335,lfse_inactpt_lackcare
NO,2008,Y15-64,T,INACTPT_CARERESP_ONPOP,2.49938776,lfse_inactpt_lackcare
PL,2008,Y15-64,T,INACTPT_CARERESP_ONPOP,1.6080879567,lfse_inactpt_lackcare
PT,2008,Y15-64,T,INACTPT_CARERESP_ONPOP,0.4001251593,lfse_inactpt_lackcare
RO,2008,Y15-64,T,INACTPT_CARERESP_ONPOP,0.344429511,lfse_inactpt_lackcare
SE,2008,Y15-64,T,INACTPT_CARERESP_ONPOP,3.1972662678,lfse_inactpt_lackcare
SI,2008,Y15-64,T,INACTPT_CARERESP_ONPOP,0.3933473344,lfse_inactpt_lackcare
SK,2008,Y15-64,T,INACTPT_CARERESP_ONPOP,0.5021306685,lfse_inactpt_lackcare
TR,2008,Y15-64,T,INACTPT_CARERESP_ONPOP,0.4831929674,lfse_inactpt_lackcare
UK,2008,Y15-64,T,INACTPT_CARERESP_ONPOP,,lfse_inactpt_lackcare
AT,2007,Y15-64,T,INACTPT_CARERESP_ONPOP,6.0563331076,lfse_inactpt_lackcare
BE,2007,Y15-64,T,INACTPT_CARERESP_ONPOP,2.812303334,lfse_inactpt_lackcare
BG,2007,Y15-64,T,INACTPT_CARERESP_ONPOP,0.3492497019,lfse_inactpt_lackcare
CH,2007,Y15-64,T,INACTPT_CARERESP_ONPOP,7.1901850098,lfse_inactpt_lackcare
CY,2007,Y15-64,T,INACTPT_CARERESP_ONPOP,1.0622529495,lfse_inactpt_lackcare
CZ,2007,Y15-64,T,INACTPT_CARERESP_ONPOP,1.0466637649,lfse_inactpt_lackcare
DE,2007,Y15-64,T,INACTPT_CARERESP_ONPOP,3.4470305254,lfse_inactpt_lackcare
DK,2007,Y15-64,T,INACTPT_CARERESP_ONPOP,1.1393939152,lfse_inactpt_lackcare
EE,2007,Y15-64,T,INACTPT_CARERESP_ONPOP,1.6830490157,lfse_inactpt_lackcare
EL,2007,Y15-64,T,INACTPT_CARERESP_ONPOP,0.7817012684,lfse_inactpt_lackcare
ES,2007,Y15-64,T,INACTPT_CARERESP_ONPOP,1.7657955575,lfse_inactpt_lackcare
EU27_2020,2007,Y15-64,T,INACTPT_CARERESP_ONPOP,2.775169788,lfse_inactpt_lackcare
EUR20,2007,Y15-64,T,INACTPT_CARERESP_ONPOP,3.2557616796,lfse_inactpt_lackcare
FI,2007,Y15-64,T,INACTPT_CARERESP_ONPOP,,lfse_inactpt_lackcare
FR,2007,Y15-64,T,INACTPT_CARERESP_ONPOP,3.4243806721,lfse_inactpt_lackcare
HR,2007,Y15-64,T,INACTPT_CARERESP_ONPOP,0.6309834462,lfse_inactpt_lackcare
HU,2007,Y15-64,T,INACTPT_CARERESP_ONPOP,0.9152293621,lfse_inactpt_lackcare
IE,2007,Y15-64,T,INACTPT_CARERESP_ONPOP,2.3819928958,lfse_inactpt_lackcare
IS,2007,Y15-64,T,INACTPT_CARERESP_ONPOP,2.7919014267,lfse_inactpt_lackcare
IT,2007,Y15-64,T,INACTPT_CARERESP_ONPOP,3.693835623,lfse_inactpt_lackcare
LT,2007,Y15-64,T,INACTPT_CARERESP_ONPOP,0.438687933,lfse_inactpt_lackcare
LU,2007,Y15-64,T,INACTPT_CARERESP_ONPOP,1.9545127087,lfse_inactpt_lackcare
LV,2007,Y15-64,T,INACTPT_CARERESP_ONPOP,1.6866403947,lfse_inactpt_lackcare
MK,2007,Y15-64,T,INACTPT_CARERESP_ONPOP,0.6375617251,lfse_inactpt_lackcare
MT,2007,Y15-64,T,INACTPT_CARERESP_ONPOP,1.3230279973,lfse_inactpt_lackcare
NL,2007,Y15-64,T,INACTPT_CARERESP_ONPOP,10.838054197,lfse_inactpt_lackcare
NO,2007,Y15-64,T,INACTPT_CARERESP_ONPOP,2.5263094895,lfse_inactpt_lackcare
PL,2007,Y15-64,T,INACTPT_CARERESP_ONPOP,1.642563236,lfse_inactpt_lackcare
PT,2007,Y15-64,T,INACTPT_CARERESP_ONPOP,0.4222063784,lfse_inactpt_lackcare
RO,2007,Y15-64,T,INACTPT_CARERESP_ONPOP,0.3600449842,lfse_inactpt_lackcare
SE,2007,Y15-64,T,INACTPT_CARERESP_ONPOP,3.346735168,lfse_inactpt_lackcare
SI,2007,Y15-64,T,INACTPT_CARERESP_ONPOP,0.3949053626,lfse_inactpt_lackcare
SK,2007,Y15-64,T,INACTPT_CARERESP_ONPOP,0.5712838179,lfse_inactpt_lackcare
TR,2007,Y15-64,T,INACTPT_CARERESP_ONPOP,0.4303893541,lfse_inactpt_lackcare
UK,2007,Y15-64,T,INACTPT_CARERESP_ONPOP,,lfse_inactpt_lackcare
AT,2006,Y15-64,T,INACTPT_CARERESP_ONPOP,5.9466819128,lfse_inactpt_lackcare
BE,2006,Y15-64,T,INACTPT_CARERESP_ONPOP,2.0864473871,lfse_inactpt_lackcare
BG,2006,Y15-64,T,INACTPT_CARERESP_ONPOP,0.3588435216,lfse_inactpt_lackcare
CH,2006,Y15-64,T,INACTPT_CARERESP_ONPOP,7.0730635359,lfse_inactpt_lackcare
CY,2006,Y15-64,T,INACTPT_CARERESP_ONPOP,1.5107987164,lfse_inactpt_lackcare
CZ,2006,Y15-64,T,INACTPT_CARERESP_ONPOP,1.1476576278,lfse_inactpt_lackcare
DE,2006,Y15-64,T,INACTPT_CARERESP_ONPOP,2.9856429526,lfse_inactpt_lackcare
DK,2006,Y15-64,T,INACTPT_CARERESP_ONPOP,1.0628000932,lfse_inactpt_lackcare
EE,2006,Y15-64,T,INACTPT_CARERESP_ONPOP,1.4584256222,lfse_inactpt_lackcare
EL,2006,Y15-64,T,INACTPT_CARERESP_ONPOP,0.8129614652,lfse_inactpt_lackcare
ES,2006,Y15-64,T,INACTPT_CARERESP_ONPOP,1.635253076,lfse_inactpt_lackcare
EU27_2020,2006,Y15-64,T,INACTPT_CARERESP_ONPOP,2.6455515236,lfse_inactpt_lackcare
EUR20,2006,Y15-64,T,INACTPT_CARERESP_ONPOP,3.1088994856,lfse_inactpt_lackcare
FI,2006,Y15-64,T,INACTPT_CARERESP_ONPOP,,lfse_inactpt_lackcare
FR,2006,Y15-64,T,INACTPT_CARERESP_ONPOP,3.4903599845,lfse_inactpt_lackcare
HR,2006,Y15-64,T,INACTPT_CARERESP_ONPOP,0.7140323942,lfse_inactpt_lackcare
HU,2006,Y15-64,T,INACTPT_CARERESP_ONPOP,0.8626630997,lfse_inactpt_lackcare
IE,2006,Y15-64,T,INACTPT_CARERESP_ONPOP,2.1160868426,lfse_inactpt_lackcare
IS,2006,Y15-64,T,INACTPT_CARERESP_ONPOP,2.1875536888,lfse_inactpt_lackcare
IT,2006,Y15-64,T,INACTPT_CARERESP_ONPOP,3.7812390693,lfse_inactpt_lackcare
LT,2006,Y15-64,T,INACTPT_CARERESP_ONPOP,0.5105133262,lfse_inactpt_lackcare
LU,2006,Y15-64,T,INACTPT_CARERESP_ONPOP,3.3910251114,lfse_inactpt_lackcare
LV,2006,Y15-64,T,INACTPT_CARERESP_ONPOP,1.6892134039,lfse_inactpt_lackcare
MK,2006,Y15-64,T,INACTPT_CARERESP_ONPOP,0.9698108031,lfse_inactpt_lackcare
MT,2006,Y15-64,T,INACTPT_CARERESP_ONPOP,1.0104616831,lfse_inactpt_lackcare
NL,2006,Y15-64,T,INACTPT_CARERESP_ONPOP,10.326608407,lfse_inactpt_lackcare
NO,2006,Y15-64,T,INACTPT_CARERESP_ONPOP,2.7186787164,lfse_inactpt_lackcare
PL,2006,Y15-64,T,INACTPT_CARERESP_ONPOP,1.4572144355,lfse_inactpt_lackcare
PT,2006,Y15-64,T,INACTPT_CARERESP_ONPOP,0.4800819166,lfse_inactpt_lackcare
RO,2006,Y15-64,T,INACTPT_CARERESP_ONPOP,0.3872061088,lfse_inactpt_lackcare
SE,2006,Y15-64,T,INACTPT_CARERESP_ONPOP,3.2997939026,lfse_inactpt_lackcare
SI,2006,Y15-64,T,INACTPT_CARERESP_ONPOP,0.3902180322,lfse_inactpt_lackcare
SK,2006,Y15-64,T,INACTPT_CARERESP_ONPOP,0.6182995614,lfse_inactpt_lackcare
TR,2006,Y15-64,T,INACTPT_CARERESP_ONPOP,0.4717354479,lfse_inactpt_lackcare
UK,2006,Y15-64,T,INACTPT_CARERESP_ONPOP,,lfse_inactpt_lackcare
AT,2005,Y15-64,T,INACTPT_CARERESP_ONPOP,,lfse_inactpt_lackcare
BE,2005,Y15-64,T,INACTPT_CARERESP_ONPOP,,lfse_inactpt_lackcare
BG,2005,Y15-64,T,INACTPT_CARERESP_ONPOP,,lfse_inactpt_lackcare
CH,2005,Y15-64,T,INACTPT_CARERESP_ONPOP,,lfse_inactpt_lackcare
CY,2005,Y15-64,T,INACTPT_CARERESP_ONPOP,,lfse_inactpt_lackcare
CZ,2005,Y15-64,T,INACTPT_CARERESP_ONPOP,,lfse_inactpt_lackcare
DE,2005,Y15-64,T,INACTPT_CARERESP_ONPOP,,lfse_inactpt_lackcare
DK,2005,Y15-64,T,INACTPT_CARERESP_ONPOP,,lfse_inactpt_lackcare
EE,2005,Y15-64,T,INACTPT_CARERESP_ONPOP,,lfse_inactpt_lackcare
EL,2005,Y15-64,T,INACTPT_CARERESP_ONPOP,,lfse_inactpt_lackcare
ES,2005,Y15-64,T,INACTPT_CARERESP_ONPOP,,lfse_inactpt_lackcare
EU27_2020,2005,Y15-64,T,INACTPT_CARERESP_ONPOP,,lfse_inactpt_lackcare
EUR20,2005,Y15-64,T,INACTPT_CARERESP_ONPOP,,lfse_inactpt_lackcare
FI,2005,Y15-64,T,INACTPT_CARERESP_ONPOP,,lfse_inactpt_lackcare
FR,2005,Y15-64,T,INACTPT_CARERESP_ONPOP,,lfse_inactpt_lackcare
HR,2005,Y15-64,T,INACTPT_CARERESP_ONPOP,,lfse_inactpt_lackcare
HU,2005,Y15-64,T,INACTPT_CARERESP_ONPOP,,lfse_inactpt_lackcare
IE,2005,Y15-64,T,INACTPT_CARERESP_ONPOP,,lfse_inactpt_lackcare
IS,2005,Y15-64,T,INACTPT_CARERESP_ONPOP,,lfse_inactpt_lackcare
IT,2005,Y15-64,T,INACTPT_CARERESP_ONPOP,,lfse_inactpt_lackcare
LT,2005,Y15-64,T,INACTPT_CARERESP_ONPOP,,lfse_inactpt_lackcare
LU,2005,Y15-64,T,INACTPT_CARERESP_ONPOP,,lfse_inactpt_lackcare
LV,2005,Y15-64,T,INACTPT_CARERESP_ONPOP,,lfse_inactpt_lackcare
MT,2005,Y15-64,T,INACTPT_CARERESP_ONPOP,,lfse_inactpt_lackcare
NL,2005,Y15-64,T,INACTPT_CARERESP_ONPOP,,lfse_inactpt_lackcare
NO,2005,Y15-64,T,INACTPT_CARERESP_ONPOP,,lfse_inactpt_lackcare
PL,2005,Y15-64,T,INACTPT_CARERESP_ONPOP,,lfse_inactpt_lackcare
PT,2005,Y15-64,T,INACTPT_CARERESP_ONPOP,,lfse_inactpt_lackcare
RO,2005,Y15-64,T,INACTPT_CARERESP_ONPOP,,lfse_inactpt_lackcare
SE,2005,Y15-64,T,INACTPT_CARERESP_ONPOP,,lfse_inactpt_lackcare
SI,2005,Y15-64,T,INACTPT_CARERESP_ONPOP,,lfse_inactpt_lackcare
SK,2005,Y15-64,T,INACTPT_CARERESP_ONPOP,,lfse_inactpt_lackcare
UK,2005,Y15-64,T,INACTPT_CARERESP_ONPOP,,lfse_inactpt_lackcare
AT,2004,Y15-64,T,INACTPT_CARERESP_ONPOP,,lfse_inactpt_lackcare
BE,2004,Y15-64,T,INACTPT_CARERESP_ONPOP,,lfse_inactpt_lackcare
BG,2004,Y15-64,T,INACTPT_CARERESP_ONPOP,,lfse_inactpt_lackcare
CH,2004,Y15-64,T,INACTPT_CARERESP_ONPOP,,lfse_inactpt_lackcare
CY,2004,Y15-64,T,INACTPT_CARERESP_ONPOP,,lfse_inactpt_lackcare
CZ,2004,Y15-64,T,INACTPT_CARERESP_ONPOP,,lfse_inactpt_lackcare
DE,2004,Y15-64,T,INACTPT_CARERESP_ONPOP,,lfse_inactpt_lackcare
DK,2004,Y15-64,T,INACTPT_CARERESP_ONPOP,,lfse_inactpt_lackcare
EE,2004,Y15-64,T,INACTPT_CARERESP_ONPOP,,lfse_inactpt_lackcare
EL,2004,Y15-64,T,INACTPT_CARERESP_ONPOP,,lfse_inactpt_lackcare
ES,2004,Y15-64,T,INACTPT_CARERESP_ONPOP,,lfse_inactpt_lackcare
EU27_2020,2004,Y15-64,T,INACTPT_CARERESP_ONPOP,,lfse_inactpt_lackcare
EUR20,2004,Y15-64,T,INACTPT_CARERESP_ONPOP,,lfse_inactpt_lackcare
FI,2004,Y15-64,T,INACTPT_CARERESP_ONPOP,,lfse_inactpt_lackcare
FR,2004,Y15-64,T,INACTPT_CARERESP_ONPOP,,lfse_inactpt_lackcare
HR,2004,Y15-64,T,INACTPT_CARERESP_ONPOP,,lfse_inactpt_lackcare
HU,2004,Y15-64,T,INACTPT_CARERESP_ONPOP,,lfse_inactpt_lackcare
IE,2004,Y15-64,T,INACTPT_CARERESP_ONPOP,,lfse_inactpt_lackcare
IS,2004,Y15-64,T,INACTPT_CARERESP_ONPOP,,lfse_inactpt_lackcare
IT,2004,Y15-64,T,INACTPT_CARERESP_ONPOP,,lfse_inactpt_lackcare
LT,2004,Y15-64,T,INACTPT_CARERESP_ONPOP,,lfse_inactpt_lackcare
LU,2004,Y15-64,T,INACTPT_CARERESP_ONPOP,,lfse_inactpt_lackcare
LV,2004,Y15-64,T,INACTPT_CARERESP_ONPOP,,lfse_inactpt_lackcare
MT,2004,Y15-64,T,INACTPT_CARERESP_ONPOP,,lfse_inactpt_lackcare
NL,2004,Y15-64,T,INACTPT_CARERESP_ONPOP,,lfse_inactpt_lackcare
NO,2004,Y15-64,T,INACTPT_CARERESP_ONPOP,,lfse_inactpt_lackcare
PL,2004,Y15-64,T,INACTPT_CARERESP_ONPOP,,lfse_inactpt_lackcare
PT,2004,Y15-64,T,INACTPT_CARERESP_ONPOP,,lfse_inactpt_lackcare
RO,2004,Y15-64,T,INACTPT_CARERESP_ONPOP,,lfse_inactpt_lackcare
SE,2004,Y15-64,T,INACTPT_CARERESP_ONPOP,,lfse_inactpt_lackcare
SI,2004,Y15-64,T,INACTPT_CARERESP_ONPOP,,lfse_inactpt_lackcare
SK,2004,Y15-64,T,INACTPT_CARERESP_ONPOP,,lfse_inactpt_lackcare
UK,2004,Y15-64,T,INACTPT_CARERESP_ONPOP,,lfse_inactpt_lackcare
AT,2003,Y15-64,T,INACTPT_CARERESP_ONPOP,,lfse_inactpt_lackcare
BE,2003,Y15-64,T,INACTPT_CARERESP_ONPOP,,lfse_inactpt_lackcare
BG,2003,Y15-64,T,INACTPT_CARERESP_ONPOP,,lfse_inactpt_lackcare
CH,2003,Y15-64,T,INACTPT_CARERESP_ONPOP,,lfse_inactpt_lackcare
CY,2003,Y15-64,T,INACTPT_CARERESP_ONPOP,,lfse_inactpt_lackcare
CZ,2003,Y15-64,T,INACTPT_CARERESP_ONPOP,,lfse_inactpt_lackcare
DE,2003,Y15-64,T,INACTPT_CARERESP_ONPOP,,lfse_inactpt_lackcare
DK,2003,Y15-64,T,INACTPT_CARERESP_ONPOP,,lfse_inactpt_lackcare
EE,2003,Y15-64,T,INACTPT_CARERESP_ONPOP,,lfse_inactpt_lackcare
EL,2003,Y15-64,T,INACTPT_CARERESP_ONPOP,,lfse_inactpt_lackcare
ES,2003,Y15-64,T,INACTPT_CARERESP_ONPOP,,lfse_inactpt_lackcare
EU27_2020,2003,Y15-64,T,INACTPT_CARERESP_ONPOP,,lfse_inactpt_lackcare
EUR20,2003,Y15-64,T,INACTPT_CARERESP_ONPOP,,lfse_inactpt_lackcare
FI,2003,Y15-64,T,INACTPT_CARERESP_ONPOP,,lfse_inactpt_lackcare
FR,2003,Y15-64,T,INACTPT_CARERESP_ONPOP,,lfse_inactpt_lackcare
HR,2003,Y15-64,T,INACTPT_CARERESP_ONPOP,,lfse_inactpt_lackcare
HU,2003,Y15-64,T,INACTPT_CARERESP_ONPOP,,lfse_inactpt_lackcare
IE,2003,Y15-64,T,INACTPT_CARERESP_ONPOP,,lfse_inactpt_lackcare
IS,2003,Y15-64,T,INACTPT_CARERESP_ONPOP,,lfse_inactpt_lackcare
IT,2003,Y15-64,T,INACTPT_CARERESP_ONPOP,,lfse_inactpt_lackcare
LT,2003,Y15-64,T,INACTPT_CARERESP_ONPOP,,lfse_inactpt_lackcare
LU,2003,Y15-64,T,INACTPT_CARERESP_ONPOP,,lfse_inactpt_lackcare
LV,2003,Y15-64,T,INACTPT_CARERESP_ONPOP,,lfse_inactpt_lackcare
MT,2003,Y15-64,T,INACTPT_CARERESP_ONPOP,,lfse_inactpt_lackcare
NL,2003,Y15-64,T,INACTPT_CARERESP_ONPOP,,lfse_inactpt_lackcare
NO,2003,Y15-64,T,INACTPT_CARERESP_ONPOP,,lfse_inactpt_lackcare
PL,2003,Y15-64,T,INACTPT_CARERESP_ONPOP,,lfse_inactpt_lackcare
PT,2003,Y15-64,T,INACTPT_CARERESP_ONPOP,,lfse_inactpt_lackcare
RO,2003,Y15-64,T,INACTPT_CARERESP_ONPOP,,lfse_inactpt_lackcare
SE,2003,Y15-64,T,INACTPT_CARERESP_ONPOP,,lfse_inactpt_lackcare
SI,2003,Y15-64,T,INACTPT_CARERESP_ONPOP,,lfse_inactpt_lackcare
SK,2003,Y15-64,T,INACTPT_CARERESP_ONPOP,,lfse_inactpt_lackcare
UK,2003,Y15-64,T,INACTPT_CARERESP_ONPOP,,lfse_inactpt_lackcare
AT,2002,Y15-64,T,INACTPT_CARERESP_ONPOP,,lfse_inactpt_lackcare
BE,2002,Y15-64,T,INACTPT_CARERESP_ONPOP,,lfse_inactpt_lackcare
BG,2002,Y15-64,T,INACTPT_CARERESP_ONPOP,,lfse_inactpt_lackcare
CH,2002,Y15-64,T,INACTPT_CARERESP_ONPOP,,lfse_inactpt_lackcare
CY,2002,Y15-64,T,INACTPT_CARERESP_ONPOP,,lfse_inactpt_lackcare
CZ,2002,Y15-64,T,INACTPT_CARERESP_ONPOP,,lfse_inactpt_lackcare
DE,2002,Y15-64,T,INACTPT_CARERESP_ONPOP,,lfse_inactpt_lackcare
DK,2002,Y15-64,T,INACTPT_CARERESP_ONPOP,,lfse_inactpt_lackcare
EE,2002,Y15-64,T,INACTPT_CARERESP_ONPOP,,lfse_inactpt_lackcare
EL,2002,Y15-64,T,INACTPT_CARERESP_ONPOP,,lfse_inactpt_lackcare
ES,2002,Y15-64,T,INACTPT_CARERESP_ONPOP,,lfse_inactpt_lackcare
EU27_2020,2002,Y15-64,T,INACTPT_CARERESP_ONPOP,,lfse_inactpt_lackcare
EUR20,2002,Y15-64,T,INACTPT_CARERESP_ONPOP,,lfse_inactpt_lackcare
FI,2002,Y15-64,T,INACTPT_CARERESP_ONPOP,,lfse_inactpt_lackcare
FR,2002,Y15-64,T,INACTPT_CARERESP_ONPOP,,lfse_inactpt_lackcare
HR,2002,Y15-64,T,INACTPT_CARERESP_ONPOP,,lfse_inactpt_lackcare
HU,2002,Y15-64,T,INACTPT_CARERESP_ONPOP,,lfse_inactpt_lackcare
IE,2002,Y15-64,T,INACTPT_CARERESP_ONPOP,,lfse_inactpt_lackcare
IS,2002,Y15-64,T,INACTPT_CARERESP_ONPOP,,lfse_inactpt_lackcare
IT,2002,Y15-64,T,INACTPT_CARERESP_ONPOP,,lfse_inactpt_lackcare
LT,2002,Y15-64,T,INACTPT_CARERESP_ONPOP,,lfse_inactpt_lackcare
LU,2002,Y15-64,T,INACTPT_CARERESP_ONPOP,,lfse_inactpt_lackcare
LV,2002,Y15-64,T,INACTPT_CARERESP_ONPOP,,lfse_inactpt_lackcare
MT,2002,Y15-64,T,INACTPT_CARERESP_ONPOP,,lfse_inactpt_lackcare
NL,2002,Y15-64,T,INACTPT_CARERESP_ONPOP,,lfse_inactpt_lackcare
NO,2002,Y15-64,T,INACTPT_CARERESP_ONPOP,,lfse_inactpt_lackcare
PL,2002,Y15-64,T,INACTPT_CARERESP_ONPOP,,lfse_inactpt_lackcare
PT,2002,Y15-64,T,INACTPT_CARERESP_ONPOP,,lfse_inactpt_lackcare
RO,2002,Y15-64,T,INACTPT_CARERESP_ONPOP,,lfse_inactpt_lackcare
SE,2002,Y15-64,T,INACTPT_CARERESP_ONPOP,,lfse_inactpt_lackcare
SI,2002,Y15-64,T,INACTPT_CARERESP_ONPOP,,lfse_inactpt_lackcare
SK,2002,Y15-64,T,INACTPT_CARERESP_ONPOP,,lfse_inactpt_lackcare
UK,2002,Y15-64,T,INACTPT_CARERESP_ONPOP,,lfse_inactpt_lackcare
AT,2001,Y15-64,T,INACTPT_CARERESP_ONPOP,,lfse_inactpt_lackcare
BE,2001,Y15-64,T,INACTPT_CARERESP_ONPOP,,lfse_inactpt_lackcare
BG,2001,Y15-64,T,INACTPT_CARERESP_ONPOP,,lfse_inactpt_lackcare
CH,2001,Y15-64,T,INACTPT_CARERESP_ONPOP,,lfse_inactpt_lackcare
CY,2001,Y15-64,T,INACTPT_CARERESP_ONPOP,,lfse_inactpt_lackcare
CZ,2001,Y15-64,T,INACTPT_CARERESP_ONPOP,,lfse_inactpt_lackcare
DE,2001,Y15-64,T,INACTPT_CARERESP_ONPOP,,lfse_inactpt_lackcare
DK,2001,Y15-64,T,INACTPT_CARERESP_ONPOP,,lfse_inactpt_lackcare
EE,2001,Y15-64,T,INACTPT_CARERESP_ONPOP,,lfse_inactpt_lackcare
EL,2001,Y15-64,T,INACTPT_CARERESP_ONPOP,,lfse_inactpt_lackcare
ES,2001,Y15-64,T,INACTPT_CARERESP_ONPOP,,lfse_inactpt_lackcare
FI,2001,Y15-64,T,INACTPT_CARERESP_ONPOP,,lfse_inactpt_lackcare
FR,2001,Y15-64,T,INACTPT_CARERESP_ONPOP,,lfse_inactpt_lackcare
HU,2001,Y15-64,T,INACTPT_CARERESP_ONPOP,,lfse_inactpt_lackcare
IE,2001,Y15-64,T,INACTPT_CARERESP_ONPOP,,lfse_inactpt_lackcare
IS,2001,Y15-64,T,INACTPT_CARERESP_ONPOP,,lfse_inactpt_lackcare
IT,2001,Y15-64,T,INACTPT_CARERESP_ONPOP,,lfse_inactpt_lackcare
LT,2001,Y15-64,T,INACTPT_CARERESP_ONPOP,,lfse_inactpt_lackcare
LU,2001,Y15-64,T,INACTPT_CARERESP_ONPOP,,lfse_inactpt_lackcare
LV,2001,Y15-64,T,INACTPT_CARERESP_ONPOP,,lfse_inactpt_lackcare
MT,2001,Y15-64,T,INACTPT_CARERESP_ONPOP,,lfse_inactpt_lackcare
NL,2001,Y15-64,T,INACTPT_CARERESP_ONPOP,,lfse_inactpt_lackcare
NO,2001,Y15-64,T,INACTPT_CARERESP_ONPOP,,lfse_inactpt_lackcare
PL,2001,Y15-64,T,INACTPT_CARERESP_ONPOP,,lfse_inactpt_lackcare
PT,2001,Y15-64,T,INACTPT_CARERESP_ONPOP,,lfse_inactpt_lackcare
RO,2001,Y15-64,T,INACTPT_CARERESP_ONPOP,,lfse_inactpt_lackcare
SE,2001,Y15-64,T,INACTPT_CARERESP_ONPOP,,lfse_inactpt_lackcare
SI,2001,Y15-64,T,INACTPT_CARERESP_ONPOP,,lfse_inactpt_lackcare
SK,2001,Y15-64,T,INACTPT_CARERESP_ONPOP,,lfse_inactpt_lackcare
UK,2001,Y15-64,T,INACTPT_CARERESP_ONPOP,,lfse_inactpt_lackcare
AT,2000,Y15-64,T,INACTPT_CARERESP_ONPOP,,lfse_inactpt_lackcare
BE,2000,Y15-64,T,INACTPT_CARERESP_ONPOP,,lfse_inactpt_lackcare
BG,2000,Y15-64,T,INACTPT_CARERESP_ONPOP,,lfse_inactpt_lackcare
CH,2000,Y15-64,T,INACTPT_CARERESP_ONPOP,,lfse_inactpt_lackcare
CY,2000,Y15-64,T,INACTPT_CARERESP_ONPOP,,lfse_inactpt_lackcare
CZ,2000,Y15-64,T,INACTPT_CARERESP_ONPOP,,lfse_inactpt_lackcare
DE,2000,Y15-64,T,INACTPT_CARERESP_ONPOP,,lfse_inactpt_lackcare
DK,2000,Y15-64,T,INACTPT_CARERESP_ONPOP,,lfse_inactpt_lackcare
EE,2000,Y15-64,T,INACTPT_CARERESP_ONPOP,,lfse_inactpt_lackcare
EL,2000,Y15-64,T,INACTPT_CARERESP_ONPOP,,lfse_inactpt_lackcare
ES,2000,Y15-64,T,INACTPT_CARERESP_ONPOP,,lfse_inactpt_lackcare
FI,2000,Y15-64,T,INACTPT_CARERESP_ONPOP,,lfse_inactpt_lackcare
FR,2000,Y15-64,T,INACTPT_CARERESP_ONPOP,,lfse_inactpt_lackcare
HU,2000,Y15-64,T,INACTPT_CARERESP_ONPOP,,lfse_inactpt_lackcare
IE,2000,Y15-64,T,INACTPT_CARERESP_ONPOP,,lfse_inactpt_lackcare
IS,2000,Y15-64,T,INACTPT_CARERESP_ONPOP,,lfse_inactpt_lackcare
IT,2000,Y15-64,T,INACTPT_CARERESP_ONPOP,,lfse_inactpt_lackcare
LT,2000,Y15-64,T,INACTPT_CARERESP_ONPOP,,lfse_inactpt_lackcare
LU,2000,Y15-64,T,INACTPT_CARERESP_ONPOP,,lfse_inactpt_lackcare
LV,2000,Y15-64,T,INACTPT_CARERESP_ONPOP,,lfse_inactpt_lackcare
MT,2000,Y15-64,T,INACTPT_CARERESP_ONPOP,,lfse_inactpt_lackcare
NL,2000,Y15-64,T,INACTPT_CARERESP_ONPOP,,lfse_inactpt_lackcare
NO,2000,Y15-64,T,INACTPT_CARERESP_ONPOP,,lfse_inactpt_lackcare
PL,2000,Y15-64,T,INACTPT_CARERESP_ONPOP,,lfse_inactpt_lackcare
PT,2000,Y15-64,T,INACTPT_CARERESP_ONPOP,,lfse_inactpt_lackcare
RO,2000,Y15-64,T,INACTPT_CARERESP_ONPOP,,lfse_inactpt_lackcare
SE,2000,Y15-64,T,INACTPT_CARERESP_ONPOP,,lfse_inactpt_lackcare
SI,2000,Y15-64,T,INACTPT_CARERESP_ONPOP,,lfse_inactpt_lackcare
SK,2000,Y15-64,T,INACTPT_CARERESP_ONPOP,,lfse_inactpt_lackcare
UK,2000,Y15-64,T,INACTPT_CARERESP_ONPOP,,lfse_inactpt_lackcare
